"Treatment","Substrate","Date","Taxon","Stage","Insect","Origin","Order","Family","Season","Replicate","Biomass"
"Disturbed","Submerged Wood",2019-07-10,"Simulium","L","insect","Aquatic","Diptera","Simuliidae","Summer19","1",35.38283723
"Disturbed","Submerged Wood",2019-07-10,"Simulium","L","insect","Aquatic","Diptera","Simuliidae","Summer19","2",6.229430032
"Disturbed","Submerged Wood",2019-07-10,"Simulium","L","insect","Aquatic","Diptera","Simuliidae","Summer19","3",6.219714714
"Disturbed","Submerged Wood",2019-07-10,"Brachycentrus americanus","L","insect","Aquatic","Trichoptera","Brachycentridae","Summer19","1",57.14700013
"Disturbed","Submerged Wood",2019-07-10,"Brachycentrus americanus","L","insect","Aquatic","Trichoptera","Brachycentridae","Summer19","2",0
"Disturbed","Submerged Wood",2019-07-10,"Brachycentrus americanus","L","insect","Aquatic","Trichoptera","Brachycentridae","Summer19","3",0
"Disturbed","Submerged Wood",2019-07-10,"Brachycentrus occidentalis","L","insect","Aquatic","Trichoptera","Brachycentridae","Summer19","1",0.87895984
"Disturbed","Submerged Wood",2019-07-10,"Brachycentrus occidentalis","L","insect","Aquatic","Trichoptera","Brachycentridae","Summer19","2",0
"Disturbed","Submerged Wood",2019-07-10,"Brachycentrus occidentalis","L","insect","Aquatic","Trichoptera","Brachycentridae","Summer19","3",0
"Disturbed","Submerged Wood",2019-07-10,"Micrasema","L","insect","Aquatic","Trichoptera","Brachycentridae","Summer19","1",4.609846744
"Disturbed","Submerged Wood",2019-07-10,"Micrasema","L","insect","Aquatic","Trichoptera","Brachycentridae","Summer19","2",1.349225915
"Disturbed","Submerged Wood",2019-07-10,"Micrasema","L","insect","Aquatic","Trichoptera","Brachycentridae","Summer19","3",0
"Disturbed","Submerged Wood",2019-07-10,"Hydropsyche","L","insect","Aquatic","Trichoptera","Hydropsychidae","Summer19","1",13.95958642
"Disturbed","Submerged Wood",2019-07-10,"Hydropsyche","L","insect","Aquatic","Trichoptera","Hydropsychidae","Summer19","2",0
"Disturbed","Submerged Wood",2019-07-10,"Hydropsyche","L","insect","Aquatic","Trichoptera","Hydropsychidae","Summer19","3",34.67966798
"Disturbed","Submerged Wood",2019-07-10,"Ochrotrichia","L","insect","Aquatic","Trichoptera","Hydroptilidae","Summer19","1",0.583356012
"Disturbed","Submerged Wood",2019-07-10,"Ochrotrichia","L","insect","Aquatic","Trichoptera","Hydroptilidae","Summer19","2",0
"Disturbed","Submerged Wood",2019-07-10,"Ochrotrichia","L","insect","Aquatic","Trichoptera","Hydroptilidae","Summer19","3",10.52338451
"Disturbed","Submerged Wood",2019-07-10,"Rhyacophila brunnea/vemna group","L","insect","Aquatic","Trichoptera","Rhyacophilidae","Summer19","1",1.573717641
"Disturbed","Submerged Wood",2019-07-10,"Rhyacophila brunnea/vemna group","L","insect","Aquatic","Trichoptera","Rhyacophilidae","Summer19","2",0.060104865
"Disturbed","Submerged Wood",2019-07-10,"Rhyacophila brunnea/vemna group","L","insect","Aquatic","Trichoptera","Rhyacophilidae","Summer19","3",1.283349427
"Disturbed","Submerged Wood",2019-07-10,"Dicranomyia","L","insect","Aquatic","Diptera","Tipulidae","Summer19","1",2.747622892
"Disturbed","Submerged Wood",2019-07-10,"Dicranomyia","L","insect","Aquatic","Diptera","Tipulidae","Summer19","2",0
"Disturbed","Submerged Wood",2019-07-10,"Dicranomyia","L","insect","Aquatic","Diptera","Tipulidae","Summer19","3",0
"Disturbed","Submerged Wood",2019-07-10,"Clinocera","L","insect","Aquatic","Diptera","Empididae","Summer19","1",1.081548518
"Disturbed","Submerged Wood",2019-07-10,"Clinocera","L","insect","Aquatic","Diptera","Empididae","Summer19","2",0.414806454
"Disturbed","Submerged Wood",2019-07-10,"Clinocera","L","insect","Aquatic","Diptera","Empididae","Summer19","3",1.286822327
"Disturbed","Submerged Wood",2019-07-10,"Baetis alius","L","insect","Aquatic","Ephemeroptera","Baetidae","Summer19","1",1.610464313
"Disturbed","Submerged Wood",2019-07-10,"Baetis alius","L","insect","Aquatic","Ephemeroptera","Baetidae","Summer19","2",69.14048862
"Disturbed","Submerged Wood",2019-07-10,"Baetis alius","L","insect","Aquatic","Ephemeroptera","Baetidae","Summer19","3",95.37315296
"Disturbed","Submerged Wood",2019-07-10,"Baetis tricaudatus complex","L","insect","Aquatic","Ephemeroptera","Baetidae","Summer19","1",78.38040715
"Disturbed","Submerged Wood",2019-07-10,"Baetis tricaudatus complex","L","insect","Aquatic","Ephemeroptera","Baetidae","Summer19","2",32.85049935
"Disturbed","Submerged Wood",2019-07-10,"Baetis tricaudatus complex","L","insect","Aquatic","Ephemeroptera","Baetidae","Summer19","3",0
"Disturbed","Submerged Wood",2019-07-10,"Caudatella heterocaudata","L","insect","Aquatic","Ephemeroptera","Ephemerellidae","Summer19","1",5.972939899
"Disturbed","Submerged Wood",2019-07-10,"Caudatella heterocaudata","L","insect","Aquatic","Ephemeroptera","Ephemerellidae","Summer19","2",0
"Disturbed","Submerged Wood",2019-07-10,"Caudatella heterocaudata","L","insect","Aquatic","Ephemeroptera","Ephemerellidae","Summer19","3",4.489753535
"Disturbed","Submerged Wood",2019-07-10,"Drunella grandis/spinifera","L","insect","Aquatic","Ephemeroptera","Ephemerellidae","Summer19","1",29.33683472
"Disturbed","Submerged Wood",2019-07-10,"Drunella grandis/spinifera","L","insect","Aquatic","Ephemeroptera","Ephemerellidae","Summer19","2",0
"Disturbed","Submerged Wood",2019-07-10,"Drunella grandis/spinifera","L","insect","Aquatic","Ephemeroptera","Ephemerellidae","Summer19","3",0.173070612
"Disturbed","Submerged Wood",2019-07-10,"Ephemerella tibialis","L","insect","Aquatic","Ephemeroptera","Ephemerellidae","Summer19","1",1.976517191
"Disturbed","Submerged Wood",2019-07-10,"Ephemerella tibialis","L","insect","Aquatic","Ephemeroptera","Ephemerellidae","Summer19","2",0
"Disturbed","Submerged Wood",2019-07-10,"Ephemerella tibialis","L","insect","Aquatic","Ephemeroptera","Ephemerellidae","Summer19","3",9.004273481
"Disturbed","Submerged Wood",2019-07-10,"Matriella teresa","L","insect","Aquatic","Ephemeroptera","Ephemerellidae","Summer19","1",1.976517191
"Disturbed","Submerged Wood",2019-07-10,"Matriella teresa","L","insect","Aquatic","Ephemeroptera","Ephemerellidae","Summer19","2",0
"Disturbed","Submerged Wood",2019-07-10,"Matriella teresa","L","insect","Aquatic","Ephemeroptera","Ephemerellidae","Summer19","3",0
"Disturbed","Submerged Wood",2019-07-10,"Epeorus longimanus","L","insect","Aquatic","Ephemeroptera","Heptageniidae","Summer19","1",7.658154038
"Disturbed","Submerged Wood",2019-07-10,"Epeorus longimanus","L","insect","Aquatic","Ephemeroptera","Heptageniidae","Summer19","2",0
"Disturbed","Submerged Wood",2019-07-10,"Epeorus longimanus","L","insect","Aquatic","Ephemeroptera","Heptageniidae","Summer19","3",0
"Disturbed","Submerged Wood",2019-07-10,"Polypedilum","L","insect","Aquatic","Diptera","Chironomidae: Chironominae","Summer19","1",1.101574929
"Disturbed","Submerged Wood",2019-07-10,"Polypedilum","L","insect","Aquatic","Diptera","Chironomidae: Chironominae","Summer19","2",1.292102169
"Disturbed","Submerged Wood",2019-07-10,"Polypedilum","L","insect","Aquatic","Diptera","Chironomidae: Chironominae","Summer19","3",0.40571725
"Disturbed","Submerged Wood",2019-07-10,"Micropsectra","L","insect","Aquatic","Diptera","Chironomidae: Chironominae: Tanytarsini","Summer19","1",0.793816353
"Disturbed","Submerged Wood",2019-07-10,"Micropsectra","L","insect","Aquatic","Diptera","Chironomidae: Chironominae: Tanytarsini","Summer19","2",0.195602755
"Disturbed","Submerged Wood",2019-07-10,"Micropsectra","L","insect","Aquatic","Diptera","Chironomidae: Chironominae: Tanytarsini","Summer19","3",0.559094813
"Disturbed","Submerged Wood",2019-07-10,"Paratanytarsus","L","insect","Aquatic","Diptera","Chironomidae: Chironominae: Tanytarsini","Summer19","1",0.065649961
"Disturbed","Submerged Wood",2019-07-10,"Paratanytarsus","L","insect","Aquatic","Diptera","Chironomidae: Chironominae: Tanytarsini","Summer19","2",0.092131956
"Disturbed","Submerged Wood",2019-07-10,"Paratanytarsus","L","insect","Aquatic","Diptera","Chironomidae: Chironominae: Tanytarsini","Summer19","3",0
"Disturbed","Submerged Wood",2019-07-10,"Boreoheptagyia","L","insect","Aquatic","Diptera","Chironomidae: Diamesinae","Summer19","1",0.094849556
"Disturbed","Submerged Wood",2019-07-10,"Boreoheptagyia","L","insect","Aquatic","Diptera","Chironomidae: Diamesinae","Summer19","2",0
"Disturbed","Submerged Wood",2019-07-10,"Boreoheptagyia","L","insect","Aquatic","Diptera","Chironomidae: Diamesinae","Summer19","3",0
"Disturbed","Submerged Wood",2019-07-10,"Pagastia","L","insect","Aquatic","Diptera","Chironomidae: Diamesinae","Summer19","1",0.361088353
"Disturbed","Submerged Wood",2019-07-10,"Pagastia","L","insect","Aquatic","Diptera","Chironomidae: Diamesinae","Summer19","2",1.699007974
"Disturbed","Submerged Wood",2019-07-10,"Pagastia","L","insect","Aquatic","Diptera","Chironomidae: Diamesinae","Summer19","3",5.537587462
"Disturbed","Submerged Wood",2019-07-10,"Brillia","L","insect","Aquatic","Diptera","Chironomidae: Orthocladiinae","Summer19","1",0.562460766
"Disturbed","Submerged Wood",2019-07-10,"Brillia","L","insect","Aquatic","Diptera","Chironomidae: Orthocladiinae","Summer19","2",0.03188449
"Disturbed","Submerged Wood",2019-07-10,"Brillia","L","insect","Aquatic","Diptera","Chironomidae: Orthocladiinae","Summer19","3",0
"Disturbed","Submerged Wood",2019-07-10,"Corynoneura","L","insect","Aquatic","Diptera","Chironomidae: Orthocladiinae","Summer19","1",0.065649961
"Disturbed","Submerged Wood",2019-07-10,"Corynoneura","L","insect","Aquatic","Diptera","Chironomidae: Orthocladiinae","Summer19","2",0.03188449
"Disturbed","Submerged Wood",2019-07-10,"Corynoneura","L","insect","Aquatic","Diptera","Chironomidae: Orthocladiinae","Summer19","3",0.073764001
"Disturbed","Submerged Wood",2019-07-10,"Cricotopus (Nostococladius)","L","insect","Aquatic","Diptera","Chironomidae: Orthocladiinae","Summer19","1",0.015461079
"Disturbed","Submerged Wood",2019-07-10,"Cricotopus (Nostococladius)","L","insect","Aquatic","Diptera","Chironomidae: Orthocladiinae","Summer19","2",0.570729286
"Disturbed","Submerged Wood",2019-07-10,"Cricotopus (Nostococladius)","L","insect","Aquatic","Diptera","Chironomidae: Orthocladiinae","Summer19","3",0.006012
"Disturbed","Submerged Wood",2019-07-10,"Eukiefferiella claripennis group","L","insect","Aquatic","Diptera","Chironomidae: Orthocladiinae","Summer19","1",0.32462442
"Disturbed","Submerged Wood",2019-07-10,"Eukiefferiella claripennis group","L","insect","Aquatic","Diptera","Chironomidae: Orthocladiinae","Summer19","2",0.124016446
"Disturbed","Submerged Wood",2019-07-10,"Eukiefferiella claripennis group","L","insect","Aquatic","Diptera","Chironomidae: Orthocladiinae","Summer19","3",0
"Disturbed","Submerged Wood",2019-07-10,"Eukiefferiella devonica group","L","insect","Aquatic","Diptera","Chironomidae: Orthocladiinae","Summer19","1",0.671197663
"Disturbed","Submerged Wood",2019-07-10,"Eukiefferiella devonica group","L","insect","Aquatic","Diptera","Chironomidae: Orthocladiinae","Summer19","2",0.400412315
"Disturbed","Submerged Wood",2019-07-10,"Eukiefferiella devonica group","L","insect","Aquatic","Diptera","Chironomidae: Orthocladiinae","Summer19","3",0.327864538
"Disturbed","Submerged Wood",2019-07-10,"Eukiefferiella pseudomontana group","L","insect","Aquatic","Diptera","Chironomidae: Orthocladiinae","Summer19","1",0.065649961
"Disturbed","Submerged Wood",2019-07-10,"Eukiefferiella pseudomontana group","L","insect","Aquatic","Diptera","Chironomidae: Orthocladiinae","Summer19","2",0.127537958
"Disturbed","Submerged Wood",2019-07-10,"Eukiefferiella pseudomontana group","L","insect","Aquatic","Diptera","Chironomidae: Orthocladiinae","Summer19","3",0.180336536
"Disturbed","Submerged Wood",2019-07-10,"Orthocladius","L","insect","Aquatic","Diptera","Chironomidae: Orthocladiinae","Summer19","1",17.6717171
"Disturbed","Submerged Wood",2019-07-10,"Orthocladius","L","insect","Aquatic","Diptera","Chironomidae: Orthocladiinae","Summer19","2",24.74854275
"Disturbed","Submerged Wood",2019-07-10,"Orthocladius","L","insect","Aquatic","Diptera","Chironomidae: Orthocladiinae","Summer19","3",10.87376945
"Disturbed","Submerged Wood",2019-07-10,"Parametriocnemus","L","insect","Aquatic","Diptera","Chironomidae: Orthocladiinae","Summer19","1",1.44435341
"Disturbed","Submerged Wood",2019-07-10,"Parametriocnemus","L","insect","Aquatic","Diptera","Chironomidae: Orthocladiinae","Summer19","2",0
"Disturbed","Submerged Wood",2019-07-10,"Parametriocnemus","L","insect","Aquatic","Diptera","Chironomidae: Orthocladiinae","Summer19","3",0
"Disturbed","Submerged Wood",2019-07-10,"Tvetenia bavarica group","L","insect","Aquatic","Diptera","Chironomidae: Orthocladiinae","Summer19","1",3.027869659
"Disturbed","Submerged Wood",2019-07-10,"Tvetenia bavarica group","L","insect","Aquatic","Diptera","Chironomidae: Orthocladiinae","Summer19","2",0.631421071
"Disturbed","Submerged Wood",2019-07-10,"Tvetenia bavarica group","L","insect","Aquatic","Diptera","Chironomidae: Orthocladiinae","Summer19","3",4.990002181
"Disturbed","Submerged Wood",2019-07-10,"Thienemannimyia complex","L","insect","Aquatic","Diptera","Chironomidae: Tanypodinae","Summer19","1",0.722176705
"Disturbed","Submerged Wood",2019-07-10,"Thienemannimyia complex","L","insect","Aquatic","Diptera","Chironomidae: Tanypodinae","Summer19","2",4.409780689
"Disturbed","Submerged Wood",2019-07-10,"Thienemannimyia complex","L","insect","Aquatic","Diptera","Chironomidae: Tanypodinae","Summer19","3",5.197591573
"Disturbed","Submerged Wood",2019-07-10,"Ampumixis dispar","L","insect","Aquatic","Coleoptera","Elmidae","Summer19","1",8.037882562
"Disturbed","Submerged Wood",2019-07-10,"Ampumixis dispar","L","insect","Aquatic","Coleoptera","Elmidae","Summer19","2",2.756270777
"Disturbed","Submerged Wood",2019-07-10,"Ampumixis dispar","L","insect","Aquatic","Coleoptera","Elmidae","Summer19","3",4.678207972
"Disturbed","Submerged Wood",2019-07-10,"Malenka","L","insect","Aquatic","Plecoptera","Nemouridae","Summer19","1",2.145807473
"Disturbed","Submerged Wood",2019-07-10,"Malenka","L","insect","Aquatic","Plecoptera","Nemouridae","Summer19","2",6.540813351
"Disturbed","Submerged Wood",2019-07-10,"Malenka","L","insect","Aquatic","Plecoptera","Nemouridae","Summer19","3",13.39803383
"Disturbed","Submerged Wood",2019-07-10,"Yoraperla","L","insect","Aquatic","Plecoptera","Peltoperlidae","Summer19","1",0.620507734
"Disturbed","Submerged Wood",2019-07-10,"Yoraperla","L","insect","Aquatic","Plecoptera","Peltoperlidae","Summer19","2",0
"Disturbed","Submerged Wood",2019-07-10,"Yoraperla","L","insect","Aquatic","Plecoptera","Peltoperlidae","Summer19","3",0
"Disturbed","Submerged Wood",2019-07-10,"Hesperoperla pacifica","L","insect","Aquatic","Plecoptera","Perlidae","Summer19","1",0.411567387
"Disturbed","Submerged Wood",2019-07-10,"Hesperoperla pacifica","L","insect","Aquatic","Plecoptera","Perlidae","Summer19","2",0.519798951
"Disturbed","Submerged Wood",2019-07-10,"Hesperoperla pacifica","L","insect","Aquatic","Plecoptera","Perlidae","Summer19","3",0.462435266
"Disturbed","Submerged Wood",2019-07-10,"Skwala","L","insect","Aquatic","Plecoptera","Perlodidae","Summer19","1",0.389777524
"Disturbed","Submerged Wood",2019-07-10,"Skwala","L","insect","Aquatic","Plecoptera","Perlodidae","Summer19","2",0.828239996
"Disturbed","Submerged Wood",2019-07-10,"Skwala","L","insect","Aquatic","Plecoptera","Perlodidae","Summer19","3",0
"Disturbed","Submerged Wood",2019-07-10,"Hydroptila","L","insect","Aquatic","Trichoptera","Hydroptilidae","Summer19","1",0
"Disturbed","Submerged Wood",2019-07-10,"Hydroptila","L","insect","Aquatic","Trichoptera","Hydroptilidae","Summer19","2",0.10143617
"Disturbed","Submerged Wood",2019-07-10,"Hydroptila","L","insect","Aquatic","Trichoptera","Hydroptilidae","Summer19","3",0
"Disturbed","Submerged Wood",2019-07-10,"Tipuloidea","L","insect","Aquatic","Diptera","Tipulidae","Summer19","1",0
"Disturbed","Submerged Wood",2019-07-10,"Tipuloidea","L","insect","Aquatic","Diptera","Tipulidae","Summer19","2",1.187610299
"Disturbed","Submerged Wood",2019-07-10,"Tipuloidea","L","insect","Aquatic","Diptera","Tipulidae","Summer19","3",0
"Disturbed","Submerged Wood",2019-07-10,"Dolichopodidae","L","insect","Aquatic","Diptera","Dolichopodidae","Summer19","1",0
"Disturbed","Submerged Wood",2019-07-10,"Dolichopodidae","L","insect","Aquatic","Diptera","Dolichopodidae","Summer19","2",1.278585694
"Disturbed","Submerged Wood",2019-07-10,"Dolichopodidae","L","insect","Aquatic","Diptera","Dolichopodidae","Summer19","3",0
"Disturbed","Submerged Wood",2019-07-10,"Acentrella","L","insect","Aquatic","Ephemeroptera","Baetidae","Summer19","1",0
"Disturbed","Submerged Wood",2019-07-10,"Acentrella","L","insect","Aquatic","Ephemeroptera","Baetidae","Summer19","2",0.393710257
"Disturbed","Submerged Wood",2019-07-10,"Acentrella","L","insect","Aquatic","Ephemeroptera","Baetidae","Summer19","3",0
"Disturbed","Submerged Wood",2019-07-10,"Attenella margarita","L","insect","Aquatic","Ephemeroptera","Ephemerellidae","Summer19","1",0
"Disturbed","Submerged Wood",2019-07-10,"Attenella margarita","L","insect","Aquatic","Ephemeroptera","Ephemerellidae","Summer19","2",0.315286913
"Disturbed","Submerged Wood",2019-07-10,"Attenella margarita","L","insect","Aquatic","Ephemeroptera","Ephemerellidae","Summer19","3",0
"Disturbed","Submerged Wood",2019-07-10,"Caudatella","L","insect","Aquatic","Ephemeroptera","Ephemerellidae","Summer19","1",0
"Disturbed","Submerged Wood",2019-07-10,"Caudatella","L","insect","Aquatic","Ephemeroptera","Ephemerellidae","Summer19","2",0.02287733
"Disturbed","Submerged Wood",2019-07-10,"Caudatella","L","insect","Aquatic","Ephemeroptera","Ephemerellidae","Summer19","3",0
"Disturbed","Submerged Wood",2019-07-10,"Drunella coloradensis/flavilinea","L","insect","Aquatic","Ephemeroptera","Ephemerellidae","Summer19","1",0
"Disturbed","Submerged Wood",2019-07-10,"Drunella coloradensis/flavilinea","L","insect","Aquatic","Ephemeroptera","Ephemerellidae","Summer19","2",3.542916619
"Disturbed","Submerged Wood",2019-07-10,"Drunella coloradensis/flavilinea","L","insect","Aquatic","Ephemeroptera","Ephemerellidae","Summer19","3",0.484145056
"Disturbed","Submerged Wood",2019-07-10,"Serratella micheneri","L","insect","Aquatic","Ephemeroptera","Ephemerellidae","Summer19","1",0
"Disturbed","Submerged Wood",2019-07-10,"Serratella micheneri","L","insect","Aquatic","Ephemeroptera","Ephemerellidae","Summer19","2",13.53896202
"Disturbed","Submerged Wood",2019-07-10,"Serratella micheneri","L","insect","Aquatic","Ephemeroptera","Ephemerellidae","Summer19","3",6.798899641
"Disturbed","Submerged Wood",2019-07-10,"Tanytarsus","L","insect","Aquatic","Diptera","Chironomidae: Chironominae: Tanytarsini","Summer19","1",0
"Disturbed","Submerged Wood",2019-07-10,"Tanytarsus","L","insect","Aquatic","Diptera","Chironomidae: Chironominae: Tanytarsini","Summer19","2",0.195602755
"Disturbed","Submerged Wood",2019-07-10,"Tanytarsus","L","insect","Aquatic","Diptera","Chironomidae: Chironominae: Tanytarsini","Summer19","3",0
"Disturbed","Submerged Wood",2019-07-10,"Potthastia gaedii group","L","insect","Aquatic","Diptera","Chironomidae: Diamesinae","Summer19","1",0
"Disturbed","Submerged Wood",2019-07-10,"Potthastia gaedii group","L","insect","Aquatic","Diptera","Chironomidae: Diamesinae","Summer19","2",1.199970213
"Disturbed","Submerged Wood",2019-07-10,"Potthastia gaedii group","L","insect","Aquatic","Diptera","Chironomidae: Diamesinae","Summer19","3",0
"Disturbed","Submerged Wood",2019-07-10,"Potthastia longimana group","L","insect","Aquatic","Diptera","Chironomidae: Diamesinae","Summer19","1",0
"Disturbed","Submerged Wood",2019-07-10,"Potthastia longimana group","L","insect","Aquatic","Diptera","Chironomidae: Diamesinae","Summer19","2",0.124016446
"Disturbed","Submerged Wood",2019-07-10,"Potthastia longimana group","L","insect","Aquatic","Diptera","Chironomidae: Diamesinae","Summer19","3",0
"Disturbed","Submerged Wood",2019-07-10,"Limnophyes","L","insect","Aquatic","Diptera","Chironomidae: Orthocladiinae","Summer19","1",0
"Disturbed","Submerged Wood",2019-07-10,"Limnophyes","L","insect","Aquatic","Diptera","Chironomidae: Orthocladiinae","Summer19","2",0.823502314
"Disturbed","Submerged Wood",2019-07-10,"Limnophyes","L","insect","Aquatic","Diptera","Chironomidae: Orthocladiinae","Summer19","3",0.323791071
"Disturbed","Submerged Wood",2019-07-10,"Synorthocladius","L","insect","Aquatic","Diptera","Chironomidae: Orthocladiinae","Summer19","1",0
"Disturbed","Submerged Wood",2019-07-10,"Synorthocladius","L","insect","Aquatic","Diptera","Chironomidae: Orthocladiinae","Summer19","2",0.092131956
"Disturbed","Submerged Wood",2019-07-10,"Synorthocladius","L","insect","Aquatic","Diptera","Chironomidae: Orthocladiinae","Summer19","3",0.036882001
"Disturbed","Submerged Wood",2019-07-10,"Dasyhelea","L","insect","Aquatic","Diptera","Ceratopogonidae","Summer19","1",0
"Disturbed","Submerged Wood",2019-07-10,"Dasyhelea","L","insect","Aquatic","Diptera","Ceratopogonidae","Summer19","2",0.250981525
"Disturbed","Submerged Wood",2019-07-10,"Dasyhelea","L","insect","Aquatic","Diptera","Ceratopogonidae","Summer19","3",0
"Disturbed","Submerged Wood",2019-07-10,"Forcipomyiinae","L","insect","Aquatic","Diptera","Ceratopogonidae","Summer19","1",0
"Disturbed","Submerged Wood",2019-07-10,"Forcipomyiinae","L","insect","Aquatic","Diptera","Ceratopogonidae","Summer19","2",0.030743349
"Disturbed","Submerged Wood",2019-07-10,"Forcipomyiinae","L","insect","Aquatic","Diptera","Ceratopogonidae","Summer19","3",0
"Disturbed","Submerged Wood",2019-07-10,"Zapada cinctipes","L","insect","Aquatic","Plecoptera","Nemouridae","Summer19","1",0
"Disturbed","Submerged Wood",2019-07-10,"Zapada cinctipes","L","insect","Aquatic","Plecoptera","Nemouridae","Summer19","2",0.03811713
"Disturbed","Submerged Wood",2019-07-10,"Zapada cinctipes","L","insect","Aquatic","Plecoptera","Nemouridae","Summer19","3",0
"Disturbed","Submerged Wood",2019-07-10,"Isoperla","L","insect","Aquatic","Plecoptera","Perlodidae","Summer19","1",0
"Disturbed","Submerged Wood",2019-07-10,"Isoperla","L","insect","Aquatic","Plecoptera","Perlodidae","Summer19","2",0.132332469
"Disturbed","Submerged Wood",2019-07-10,"Isoperla","L","insect","Aquatic","Plecoptera","Perlodidae","Summer19","3",0
"Disturbed","Submerged Wood",2019-07-10,"Osobenus yakimae","L","insect","Aquatic","Plecoptera","Perlodidae","Summer19","1",0
"Disturbed","Submerged Wood",2019-07-10,"Osobenus yakimae","L","insect","Aquatic","Plecoptera","Perlodidae","Summer19","2",13.53647244
"Disturbed","Submerged Wood",2019-07-10,"Osobenus yakimae","L","insect","Aquatic","Plecoptera","Perlodidae","Summer19","3",29.79116722
"Disturbed","Submerged Wood",2019-07-10,"Arctopsyche","L","insect","Aquatic","Trichoptera","Hydropsychidae","Summer19","1",0
"Disturbed","Submerged Wood",2019-07-10,"Arctopsyche","L","insect","Aquatic","Trichoptera","Hydropsychidae","Summer19","2",0
"Disturbed","Submerged Wood",2019-07-10,"Arctopsyche","L","insect","Aquatic","Trichoptera","Hydropsychidae","Summer19","3",0.887425355
"Disturbed","Submerged Wood",2019-07-10,"Rhyacophila angelita group","L","insect","Aquatic","Trichoptera","Rhyacophilidae","Summer19","1",0
"Disturbed","Submerged Wood",2019-07-10,"Rhyacophila angelita group","L","insect","Aquatic","Trichoptera","Rhyacophilidae","Summer19","2",0
"Disturbed","Submerged Wood",2019-07-10,"Rhyacophila angelita group","L","insect","Aquatic","Trichoptera","Rhyacophilidae","Summer19","3",4.123108853
"Disturbed","Submerged Wood",2019-07-10,"Dixa","L","insect","Aquatic","Diptera","Dixidae","Summer19","1",0
"Disturbed","Submerged Wood",2019-07-10,"Dixa","L","insect","Aquatic","Diptera","Dixidae","Summer19","2",0
"Disturbed","Submerged Wood",2019-07-10,"Dixa","L","insect","Aquatic","Diptera","Dixidae","Summer19","3",0.036882001
"Disturbed","Submerged Wood",2019-07-10,"Meringodixa","L","insect","Aquatic","Diptera","Dixidae","Summer19","1",0
"Disturbed","Submerged Wood",2019-07-10,"Meringodixa","L","insect","Aquatic","Diptera","Dixidae","Summer19","2",0
"Disturbed","Submerged Wood",2019-07-10,"Meringodixa","L","insect","Aquatic","Diptera","Dixidae","Summer19","3",0.159530984
"Disturbed","Submerged Wood",2019-07-10,"Ephemerella excrucians group","L","insect","Aquatic","Ephemeroptera","Ephemerellidae","Summer19","1",0
"Disturbed","Submerged Wood",2019-07-10,"Ephemerella excrucians group","L","insect","Aquatic","Ephemeroptera","Ephemerellidae","Summer19","2",0
"Disturbed","Submerged Wood",2019-07-10,"Ephemerella excrucians group","L","insect","Aquatic","Ephemeroptera","Ephemerellidae","Summer19","3",2.354373293
"Disturbed","Submerged Wood",2019-07-10,"Timpanoga hecuba","L","insect","Aquatic","Ephemeroptera","Ephemerellidae","Summer19","1",0
"Disturbed","Submerged Wood",2019-07-10,"Timpanoga hecuba","L","insect","Aquatic","Ephemeroptera","Ephemerellidae","Summer19","2",0
"Disturbed","Submerged Wood",2019-07-10,"Timpanoga hecuba","L","insect","Aquatic","Ephemeroptera","Ephemerellidae","Summer19","3",0.025809276
"Disturbed","Submerged Wood",2019-07-10,"Epeorus","L","insect","Aquatic","Ephemeroptera","Heptageniidae","Summer19","1",0
"Disturbed","Submerged Wood",2019-07-10,"Epeorus","L","insect","Aquatic","Ephemeroptera","Heptageniidae","Summer19","2",0
"Disturbed","Submerged Wood",2019-07-10,"Epeorus","L","insect","Aquatic","Ephemeroptera","Heptageniidae","Summer19","3",0.036072
"Disturbed","Submerged Wood",2019-07-10,"Epeorus albertae group","L","insect","Aquatic","Ephemeroptera","Heptageniidae","Summer19","1",0
"Disturbed","Submerged Wood",2019-07-10,"Epeorus albertae group","L","insect","Aquatic","Ephemeroptera","Heptageniidae","Summer19","2",0
"Disturbed","Submerged Wood",2019-07-10,"Epeorus albertae group","L","insect","Aquatic","Ephemeroptera","Heptageniidae","Summer19","3",13.30870141
"Disturbed","Submerged Wood",2019-07-10,"Eukiefferiella brehmi group","L","insect","Aquatic","Diptera","Chironomidae: Orthocladiinae","Summer19","1",0
"Disturbed","Submerged Wood",2019-07-10,"Eukiefferiella brehmi group","L","insect","Aquatic","Diptera","Chironomidae: Orthocladiinae","Summer19","2",0
"Disturbed","Submerged Wood",2019-07-10,"Eukiefferiella brehmi group","L","insect","Aquatic","Diptera","Chironomidae: Orthocladiinae","Summer19","3",0.106572535
"Disturbed","Submerged Wood",2019-07-10,"Nanocladius","L","insect","Aquatic","Diptera","Chironomidae: Orthocladiinae","Summer19","1",0
"Disturbed","Submerged Wood",2019-07-10,"Nanocladius","L","insect","Aquatic","Diptera","Chironomidae: Orthocladiinae","Summer19","2",0
"Disturbed","Submerged Wood",2019-07-10,"Nanocladius","L","insect","Aquatic","Diptera","Chironomidae: Orthocladiinae","Summer19","3",0.21314507
"Disturbed","Submerged Wood",2019-07-10,"Orthocladius (Symposiocladius)","L","insect","Aquatic","Diptera","Chironomidae: Orthocladiinae","Summer19","1",0
"Disturbed","Submerged Wood",2019-07-10,"Orthocladius (Symposiocladius)","L","insect","Aquatic","Diptera","Chironomidae: Orthocladiinae","Summer19","2",0
"Disturbed","Submerged Wood",2019-07-10,"Orthocladius (Symposiocladius)","L","insect","Aquatic","Diptera","Chironomidae: Orthocladiinae","Summer19","3",0.106572535
"Disturbed","Submerged Wood",2019-07-10,"Thienemanniella","L","insect","Aquatic","Diptera","Chironomidae: Orthocladiinae","Summer19","1",0
"Disturbed","Submerged Wood",2019-07-10,"Thienemanniella","L","insect","Aquatic","Diptera","Chironomidae: Orthocladiinae","Summer19","2",0
"Disturbed","Submerged Wood",2019-07-10,"Thienemanniella","L","insect","Aquatic","Diptera","Chironomidae: Orthocladiinae","Summer19","3",0.036882001
"Disturbed","Submerged Wood",2019-07-10,"Pericomaini","L","insect","Aquatic","Diptera","Psychodidae","Summer19","1",0
"Disturbed","Submerged Wood",2019-07-10,"Pericomaini","L","insect","Aquatic","Diptera","Psychodidae","Summer19","2",0
"Disturbed","Submerged Wood",2019-07-10,"Pericomaini","L","insect","Aquatic","Diptera","Psychodidae","Summer19","3",0.243398362
"Disturbed","Submerged Wood",2019-10-16,"Simulium","L","insect","Aquatic","Diptera","Simuliidae","Fall19","1",0.516233572
"Disturbed","Submerged Wood",2019-10-16,"Simulium","L","insect","Aquatic","Diptera","Simuliidae","Fall19","2",0.876838826
"Disturbed","Submerged Wood",2019-10-16,"Simulium","L","insect","Aquatic","Diptera","Simuliidae","Fall19","3",2.915852892
"Disturbed","Submerged Wood",2019-10-16,"Brachycentrus americanus","L","insect","Aquatic","Trichoptera","Brachycentridae","Fall19","1",0.163446948
"Disturbed","Submerged Wood",2019-10-16,"Brachycentrus americanus","L","insect","Aquatic","Trichoptera","Brachycentridae","Fall19","2",0
"Disturbed","Submerged Wood",2019-10-16,"Brachycentrus americanus","L","insect","Aquatic","Trichoptera","Brachycentridae","Fall19","3",0.089711954
"Disturbed","Submerged Wood",2019-10-16,"Micrasema","L","insect","Aquatic","Trichoptera","Brachycentridae","Fall19","1",1.204852201
"Disturbed","Submerged Wood",2019-10-16,"Micrasema","L","insect","Aquatic","Trichoptera","Brachycentridae","Fall19","2",0.803190194
"Disturbed","Submerged Wood",2019-10-16,"Micrasema","L","insect","Aquatic","Trichoptera","Brachycentridae","Fall19","3",4.462500527
"Disturbed","Submerged Wood",2019-10-16,"Hydropsyche","L","insect","Aquatic","Trichoptera","Hydropsychidae","Fall19","1",20.47837717
"Disturbed","Submerged Wood",2019-10-16,"Hydropsyche","L","insect","Aquatic","Trichoptera","Hydropsychidae","Fall19","2",56.03093508
"Disturbed","Submerged Wood",2019-10-16,"Hydropsyche","L","insect","Aquatic","Trichoptera","Hydropsychidae","Fall19","3",16.46195559
"Disturbed","Submerged Wood",2019-10-16,"Hydroptila","L","insect","Aquatic","Trichoptera","Hydroptilidae","Fall19","1",0.703409911
"Disturbed","Submerged Wood",2019-10-16,"Hydroptila","L","insect","Aquatic","Trichoptera","Hydroptilidae","Fall19","2",0.029568384
"Disturbed","Submerged Wood",2019-10-16,"Hydroptila","L","insect","Aquatic","Trichoptera","Hydroptilidae","Fall19","3",1.289149791
"Disturbed","Submerged Wood",2019-10-16,"Lepidostoma","L","insect","Aquatic","Trichoptera","Lepidostomatidae","Fall19","1",2.285642329
"Disturbed","Submerged Wood",2019-10-16,"Lepidostoma","L","insect","Aquatic","Trichoptera","Lepidostomatidae","Fall19","2",0
"Disturbed","Submerged Wood",2019-10-16,"Lepidostoma","L","insect","Aquatic","Trichoptera","Lepidostomatidae","Fall19","3",0
"Disturbed","Submerged Wood",2019-10-16,"Limnephilidae","L","insect","Aquatic","Trichoptera","Limnephilidae","Fall19","1",0.167561061
"Disturbed","Submerged Wood",2019-10-16,"Limnephilidae","L","insect","Aquatic","Trichoptera","Limnephilidae","Fall19","2",0.167561061
"Disturbed","Submerged Wood",2019-10-16,"Limnephilidae","L","insect","Aquatic","Trichoptera","Limnephilidae","Fall19","3",0
"Disturbed","Submerged Wood",2019-10-16,"Rhyacophila betteni group","L","insect","Aquatic","Trichoptera","Rhyacophilidae","Fall19","1",2.061554427
"Disturbed","Submerged Wood",2019-10-16,"Rhyacophila betteni group","L","insect","Aquatic","Trichoptera","Rhyacophilidae","Fall19","2",0
"Disturbed","Submerged Wood",2019-10-16,"Rhyacophila betteni group","L","insect","Aquatic","Trichoptera","Rhyacophilidae","Fall19","3",0
"Disturbed","Submerged Wood",2019-10-16,"Rhyacophila brunnea/vemna group","L","insect","Aquatic","Trichoptera","Rhyacophilidae","Fall19","1",19.53315056
"Disturbed","Submerged Wood",2019-10-16,"Rhyacophila brunnea/vemna group","L","insect","Aquatic","Trichoptera","Rhyacophilidae","Fall19","2",1.921176478
"Disturbed","Submerged Wood",2019-10-16,"Rhyacophila brunnea/vemna group","L","insect","Aquatic","Trichoptera","Rhyacophilidae","Fall19","3",8.390500615
"Disturbed","Submerged Wood",2019-10-16,"Neoplasta","L","insect","Aquatic","Diptera","Empididae","Fall19","1",0.253196037
"Disturbed","Submerged Wood",2019-10-16,"Neoplasta","L","insect","Aquatic","Diptera","Empididae","Fall19","2",0.34839325
"Disturbed","Submerged Wood",2019-10-16,"Neoplasta","L","insect","Aquatic","Diptera","Empididae","Fall19","3",0.858721058
"Disturbed","Submerged Wood",2019-10-16,"Dixa","L","insect","Aquatic","Diptera","Dixidae","Fall19","1",1.704040337
"Disturbed","Submerged Wood",2019-10-16,"Dixa","L","insect","Aquatic","Diptera","Dixidae","Fall19","2",0.935657457
"Disturbed","Submerged Wood",2019-10-16,"Dixa","L","insect","Aquatic","Diptera","Dixidae","Fall19","3",0
"Disturbed","Submerged Wood",2019-10-16,"Baetis tricaudatus complex","L","insect","Aquatic","Ephemeroptera","Baetidae","Fall19","1",34.27292893
"Disturbed","Submerged Wood",2019-10-16,"Baetis tricaudatus complex","L","insect","Aquatic","Ephemeroptera","Baetidae","Fall19","2",35.27994961
"Disturbed","Submerged Wood",2019-10-16,"Baetis tricaudatus complex","L","insect","Aquatic","Ephemeroptera","Baetidae","Fall19","3",76.60594743
"Disturbed","Submerged Wood",2019-10-16,"Diphetor hageni","L","insect","Aquatic","Ephemeroptera","Baetidae","Fall19","1",1.101046013
"Disturbed","Submerged Wood",2019-10-16,"Diphetor hageni","L","insect","Aquatic","Ephemeroptera","Baetidae","Fall19","2",0.207621875
"Disturbed","Submerged Wood",2019-10-16,"Diphetor hageni","L","insect","Aquatic","Ephemeroptera","Baetidae","Fall19","3",0.830862259
"Disturbed","Submerged Wood",2019-10-16,"Attenella delantala","L","insect","Aquatic","Ephemeroptera","Ephemerellidae","Fall19","1",0.199729014
"Disturbed","Submerged Wood",2019-10-16,"Attenella delantala","L","insect","Aquatic","Ephemeroptera","Ephemerellidae","Fall19","2",0
"Disturbed","Submerged Wood",2019-10-16,"Attenella delantala","L","insect","Aquatic","Ephemeroptera","Ephemerellidae","Fall19","3",0.146204791
"Disturbed","Submerged Wood",2019-10-16,"Caudatella edmundsi","L","insect","Aquatic","Ephemeroptera","Ephemerellidae","Fall19","1",0.109928415
"Disturbed","Submerged Wood",2019-10-16,"Caudatella edmundsi","L","insect","Aquatic","Ephemeroptera","Ephemerellidae","Fall19","2",0
"Disturbed","Submerged Wood",2019-10-16,"Caudatella edmundsi","L","insect","Aquatic","Ephemeroptera","Ephemerellidae","Fall19","3",0.06863199
"Disturbed","Submerged Wood",2019-10-16,"Caudatella hystrix","L","insect","Aquatic","Ephemeroptera","Ephemerellidae","Fall19","1",0.399458029
"Disturbed","Submerged Wood",2019-10-16,"Caudatella hystrix","L","insect","Aquatic","Ephemeroptera","Ephemerellidae","Fall19","2",1.21624307
"Disturbed","Submerged Wood",2019-10-16,"Caudatella hystrix","L","insect","Aquatic","Ephemeroptera","Ephemerellidae","Fall19","3",1.086324105
"Disturbed","Submerged Wood",2019-10-16,"Ephemerella excrucians group","L","insect","Aquatic","Ephemeroptera","Ephemerellidae","Fall19","1",20.93404788
"Disturbed","Submerged Wood",2019-10-16,"Ephemerella excrucians group","L","insect","Aquatic","Ephemeroptera","Ephemerellidae","Fall19","2",10.18371971
"Disturbed","Submerged Wood",2019-10-16,"Ephemerella excrucians group","L","insect","Aquatic","Ephemeroptera","Ephemerellidae","Fall19","3",31.0678142
"Disturbed","Submerged Wood",2019-10-16,"Cinygma","L","insect","Aquatic","Ephemeroptera","Heptageniidae","Fall19","1",0.12166813
"Disturbed","Submerged Wood",2019-10-16,"Cinygma","L","insect","Aquatic","Ephemeroptera","Heptageniidae","Fall19","2",0.224940166
"Disturbed","Submerged Wood",2019-10-16,"Cinygma","L","insect","Aquatic","Ephemeroptera","Heptageniidae","Fall19","3",3.081748266
"Disturbed","Submerged Wood",2019-10-16,"Cinygmula","L","insect","Aquatic","Ephemeroptera","Heptageniidae","Fall19","1",0.11018578
"Disturbed","Submerged Wood",2019-10-16,"Cinygmula","L","insect","Aquatic","Ephemeroptera","Heptageniidae","Fall19","2",0.018036
"Disturbed","Submerged Wood",2019-10-16,"Cinygmula","L","insect","Aquatic","Ephemeroptera","Heptageniidae","Fall19","3",0.170534967
"Disturbed","Submerged Wood",2019-10-16,"Ironodes","L","insect","Aquatic","Ephemeroptera","Heptageniidae","Fall19","1",2.878758788
"Disturbed","Submerged Wood",2019-10-16,"Ironodes","L","insect","Aquatic","Ephemeroptera","Heptageniidae","Fall19","2",1.508054567
"Disturbed","Submerged Wood",2019-10-16,"Ironodes","L","insect","Aquatic","Ephemeroptera","Heptageniidae","Fall19","3",3.544236294
"Disturbed","Submerged Wood",2019-10-16,"Rhithrogena","L","insect","Aquatic","Ephemeroptera","Heptageniidae","Fall19","1",3.833012441
"Disturbed","Submerged Wood",2019-10-16,"Rhithrogena","L","insect","Aquatic","Ephemeroptera","Heptageniidae","Fall19","2",0
"Disturbed","Submerged Wood",2019-10-16,"Rhithrogena","L","insect","Aquatic","Ephemeroptera","Heptageniidae","Fall19","3",4.792027051
"Disturbed","Submerged Wood",2019-10-16,"Neoleptophlebia/Paraleptophlebia","L","insect","Aquatic","Ephemeroptera","Leptophlebiidae","Fall19","1",3.622652241
"Disturbed","Submerged Wood",2019-10-16,"Neoleptophlebia/Paraleptophlebia","L","insect","Aquatic","Ephemeroptera","Leptophlebiidae","Fall19","2",6.473792577
"Disturbed","Submerged Wood",2019-10-16,"Neoleptophlebia/Paraleptophlebia","L","insect","Aquatic","Ephemeroptera","Leptophlebiidae","Fall19","3",0.790294177
"Disturbed","Submerged Wood",2019-10-16,"Polypedilum","L","insect","Aquatic","Diptera","Chironomidae: Chironominae","Fall19","1",0.345337898
"Disturbed","Submerged Wood",2019-10-16,"Polypedilum","L","insect","Aquatic","Diptera","Chironomidae: Chironominae","Fall19","2",0
"Disturbed","Submerged Wood",2019-10-16,"Polypedilum","L","insect","Aquatic","Diptera","Chironomidae: Chironominae","Fall19","3",0
"Disturbed","Submerged Wood",2019-10-16,"Cladotanytarsus","L","insect","Aquatic","Diptera","Chironomidae: Chironominae: Tanytarsini","Fall19","1",0.018441
"Disturbed","Submerged Wood",2019-10-16,"Cladotanytarsus","L","insect","Aquatic","Diptera","Chironomidae: Chironominae: Tanytarsini","Fall19","2",0
"Disturbed","Submerged Wood",2019-10-16,"Cladotanytarsus","L","insect","Aquatic","Diptera","Chironomidae: Chironominae: Tanytarsini","Fall19","3",0.122632652
"Disturbed","Submerged Wood",2019-10-16,"Micropsectra","L","insect","Aquatic","Diptera","Chironomidae: Chironominae: Tanytarsini","Fall19","1",0.13157157
"Disturbed","Submerged Wood",2019-10-16,"Micropsectra","L","insect","Aquatic","Diptera","Chironomidae: Chironominae: Tanytarsini","Fall19","2",0
"Disturbed","Submerged Wood",2019-10-16,"Micropsectra","L","insect","Aquatic","Diptera","Chironomidae: Chironominae: Tanytarsini","Fall19","3",0
"Disturbed","Submerged Wood",2019-10-16,"Diamesa","L","insect","Aquatic","Diptera","Chironomidae: Diamesinae","Fall19","1",0.11313057
"Disturbed","Submerged Wood",2019-10-16,"Diamesa","L","insect","Aquatic","Diptera","Chironomidae: Diamesinae","Fall19","2",0
"Disturbed","Submerged Wood",2019-10-16,"Diamesa","L","insect","Aquatic","Diptera","Chironomidae: Diamesinae","Fall19","3",0
"Disturbed","Submerged Wood",2019-10-16,"Potthastia longimana group","L","insect","Aquatic","Diptera","Chironomidae: Diamesinae","Fall19","1",0.106572535
"Disturbed","Submerged Wood",2019-10-16,"Potthastia longimana group","L","insect","Aquatic","Diptera","Chironomidae: Diamesinae","Fall19","2",0
"Disturbed","Submerged Wood",2019-10-16,"Potthastia longimana group","L","insect","Aquatic","Diptera","Chironomidae: Diamesinae","Fall19","3",0
"Disturbed","Submerged Wood",2019-10-16,"Corynoneura","L","insect","Aquatic","Diptera","Chironomidae: Orthocladiinae","Fall19","1",0.055323001
"Disturbed","Submerged Wood",2019-10-16,"Corynoneura","L","insect","Aquatic","Diptera","Chironomidae: Orthocladiinae","Fall19","2",0
"Disturbed","Submerged Wood",2019-10-16,"Corynoneura","L","insect","Aquatic","Diptera","Chironomidae: Orthocladiinae","Fall19","3",0
"Disturbed","Submerged Wood",2019-10-16,"Eukiefferiella brehmi group","L","insect","Aquatic","Diptera","Chironomidae: Orthocladiinae","Fall19","1",0.053286267
"Disturbed","Submerged Wood",2019-10-16,"Eukiefferiella brehmi group","L","insect","Aquatic","Diptera","Chironomidae: Orthocladiinae","Fall19","2",0.018441
"Disturbed","Submerged Wood",2019-10-16,"Eukiefferiella brehmi group","L","insect","Aquatic","Diptera","Chironomidae: Orthocladiinae","Fall19","3",0.221334393
"Disturbed","Submerged Wood",2019-10-16,"Eukiefferiella claripennis group","L","insect","Aquatic","Diptera","Chironomidae: Orthocladiinae","Fall19","1",0.053286267
"Disturbed","Submerged Wood",2019-10-16,"Eukiefferiella claripennis group","L","insect","Aquatic","Diptera","Chironomidae: Orthocladiinae","Fall19","2",0.071727268
"Disturbed","Submerged Wood",2019-10-16,"Eukiefferiella claripennis group","L","insect","Aquatic","Diptera","Chironomidae: Orthocladiinae","Fall19","3",0.212612207
"Disturbed","Submerged Wood",2019-10-16,"Limnophyes","L","insect","Aquatic","Diptera","Chironomidae: Orthocladiinae","Fall19","1",0.053286267
"Disturbed","Submerged Wood",2019-10-16,"Limnophyes","L","insect","Aquatic","Diptera","Chironomidae: Orthocladiinae","Fall19","2",0
"Disturbed","Submerged Wood",2019-10-16,"Limnophyes","L","insect","Aquatic","Diptera","Chironomidae: Orthocladiinae","Fall19","3",0
"Disturbed","Submerged Wood",2019-10-16,"Nanocladius","L","insect","Aquatic","Diptera","Chironomidae: Orthocladiinae","Fall19","1",0.018441
"Disturbed","Submerged Wood",2019-10-16,"Nanocladius","L","insect","Aquatic","Diptera","Chironomidae: Orthocladiinae","Fall19","2",0.053286267
"Disturbed","Submerged Wood",2019-10-16,"Nanocladius","L","insect","Aquatic","Diptera","Chironomidae: Orthocladiinae","Fall19","3",0
"Disturbed","Submerged Wood",2019-10-16,"Orthocladius","L","insect","Aquatic","Diptera","Chironomidae: Orthocladiinae","Fall19","1",0.538169245
"Disturbed","Submerged Wood",2019-10-16,"Orthocladius","L","insect","Aquatic","Diptera","Chironomidae: Orthocladiinae","Fall19","2",0.25002707
"Disturbed","Submerged Wood",2019-10-16,"Orthocladius","L","insect","Aquatic","Diptera","Chironomidae: Orthocladiinae","Fall19","3",2.664037147
"Disturbed","Submerged Wood",2019-10-16,"Orthocladius (Symposiocladius)","L","insect","Aquatic","Diptera","Chironomidae: Orthocladiinae","Fall19","1",0.422561729
"Disturbed","Submerged Wood",2019-10-16,"Orthocladius (Symposiocladius)","L","insect","Aquatic","Diptera","Chironomidae: Orthocladiinae","Fall19","2",0.326896897
"Disturbed","Submerged Wood",2019-10-16,"Orthocladius (Symposiocladius)","L","insect","Aquatic","Diptera","Chironomidae: Orthocladiinae","Fall19","3",0
"Disturbed","Submerged Wood",2019-10-16,"Parametriocnemus","L","insect","Aquatic","Diptera","Chironomidae: Orthocladiinae","Fall19","1",0.380183165
"Disturbed","Submerged Wood",2019-10-16,"Parametriocnemus","L","insect","Aquatic","Diptera","Chironomidae: Orthocladiinae","Fall19","2",0.071727268
"Disturbed","Submerged Wood",2019-10-16,"Parametriocnemus","L","insect","Aquatic","Diptera","Chironomidae: Orthocladiinae","Fall19","3",0.610474678
"Disturbed","Submerged Wood",2019-10-16,"Synorthocladius","L","insect","Aquatic","Diptera","Chironomidae: Orthocladiinae","Fall19","1",0.266431337
"Disturbed","Submerged Wood",2019-10-16,"Synorthocladius","L","insect","Aquatic","Diptera","Chironomidae: Orthocladiinae","Fall19","2",0.053286267
"Disturbed","Submerged Wood",2019-10-16,"Synorthocladius","L","insect","Aquatic","Diptera","Chironomidae: Orthocladiinae","Fall19","3",0.166268002
"Disturbed","Submerged Wood",2019-10-16,"Tvetenia bavarica group","L","insect","Aquatic","Diptera","Chironomidae: Orthocladiinae","Fall19","1",0.16845357
"Disturbed","Submerged Wood",2019-10-16,"Tvetenia bavarica group","L","insect","Aquatic","Diptera","Chironomidae: Orthocladiinae","Fall19","2",0.071727268
"Disturbed","Submerged Wood",2019-10-16,"Tvetenia bavarica group","L","insect","Aquatic","Diptera","Chironomidae: Orthocladiinae","Fall19","3",0.221334393
"Disturbed","Submerged Wood",2019-10-16,"Thienemannimyia complex","L","insect","Aquatic","Diptera","Chironomidae: Tanypodinae","Fall19","1",2.618962567
"Disturbed","Submerged Wood",2019-10-16,"Thienemannimyia complex","L","insect","Aquatic","Diptera","Chironomidae: Tanypodinae","Fall19","2",0.982096755
"Disturbed","Submerged Wood",2019-10-16,"Thienemannimyia complex","L","insect","Aquatic","Diptera","Chironomidae: Tanypodinae","Fall19","3",0.396324581
"Disturbed","Submerged Wood",2019-10-16,"Ampumixis dispar","L","insect","Aquatic","Coleoptera","Elmidae","Fall19","1",2.17676278
"Disturbed","Submerged Wood",2019-10-16,"Ampumixis dispar","L","insect","Aquatic","Coleoptera","Elmidae","Fall19","2",1.37032035
"Disturbed","Submerged Wood",2019-10-16,"Ampumixis dispar","L","insect","Aquatic","Coleoptera","Elmidae","Fall19","3",5.349951666
"Disturbed","Submerged Wood",2019-10-16,"Cleptelmis addenda","L","insect","Aquatic","Coleoptera","Elmidae","Fall19","1",2.813025723
"Disturbed","Submerged Wood",2019-10-16,"Cleptelmis addenda","L","insect","Aquatic","Coleoptera","Elmidae","Fall19","2",0
"Disturbed","Submerged Wood",2019-10-16,"Cleptelmis addenda","L","insect","Aquatic","Coleoptera","Elmidae","Fall19","3",0
"Disturbed","Submerged Wood",2019-10-16,"Capniidae","L","insect","Aquatic","Plecoptera","Capniidae","Fall19","1",0.806373143
"Disturbed","Submerged Wood",2019-10-16,"Capniidae","L","insect","Aquatic","Plecoptera","Capniidae","Fall19","2",0
"Disturbed","Submerged Wood",2019-10-16,"Capniidae","L","insect","Aquatic","Plecoptera","Capniidae","Fall19","3",0.672241537
"Disturbed","Submerged Wood",2019-10-16,"Zapada cinctipes","L","insect","Aquatic","Plecoptera","Nemouridae","Fall19","1",0.194407674
"Disturbed","Submerged Wood",2019-10-16,"Zapada cinctipes","L","insect","Aquatic","Plecoptera","Nemouridae","Fall19","2",0.922321754
"Disturbed","Submerged Wood",2019-10-16,"Zapada cinctipes","L","insect","Aquatic","Plecoptera","Nemouridae","Fall19","3",0.258562206
"Disturbed","Submerged Wood",2019-10-16,"Hesperoperla pacifica","L","insect","Aquatic","Plecoptera","Perlidae","Fall19","1",93.6622283
"Disturbed","Submerged Wood",2019-10-16,"Hesperoperla pacifica","L","insect","Aquatic","Plecoptera","Perlidae","Fall19","2",0
"Disturbed","Submerged Wood",2019-10-16,"Hesperoperla pacifica","L","insect","Aquatic","Plecoptera","Perlidae","Fall19","3",5.044271368
"Disturbed","Submerged Wood",2019-10-16,"Isoperla","L","insect","Aquatic","Plecoptera","Perlodidae","Fall19","1",1.763438343
"Disturbed","Submerged Wood",2019-10-16,"Isoperla","L","insect","Aquatic","Plecoptera","Perlodidae","Fall19","2",0.132230097
"Disturbed","Submerged Wood",2019-10-16,"Isoperla","L","insect","Aquatic","Plecoptera","Perlodidae","Fall19","3",0.264664938
"Disturbed","Submerged Wood",2019-10-16,"Perlodidae","L","insect","Aquatic","Plecoptera","Perlodidae","Fall19","1",2.024822808
"Disturbed","Submerged Wood",2019-10-16,"Perlodidae","L","insect","Aquatic","Plecoptera","Perlodidae","Fall19","2",0.537450372
"Disturbed","Submerged Wood",2019-10-16,"Perlodidae","L","insect","Aquatic","Plecoptera","Perlodidae","Fall19","3",0.132332469
"Disturbed","Submerged Wood",2019-10-16,"Skwala","L","insect","Aquatic","Plecoptera","Perlodidae","Fall19","1",37.67146577
"Disturbed","Submerged Wood",2019-10-16,"Skwala","L","insect","Aquatic","Plecoptera","Perlodidae","Fall19","2",19.60086703
"Disturbed","Submerged Wood",2019-10-16,"Skwala","L","insect","Aquatic","Plecoptera","Perlodidae","Fall19","3",23.46774093
"Disturbed","Submerged Wood",2019-10-16,"Antocha","L","insect","Aquatic","Diptera","Tipulidae","Fall19","1",0
"Disturbed","Submerged Wood",2019-10-16,"Antocha","L","insect","Aquatic","Diptera","Tipulidae","Fall19","2",0.031058172
"Disturbed","Submerged Wood",2019-10-16,"Antocha","L","insect","Aquatic","Diptera","Tipulidae","Fall19","3",0.408800688
"Disturbed","Submerged Wood",2019-10-16,"Labiobaetis","L","insect","Aquatic","Ephemeroptera","Baetidae","Fall19","1",0
"Disturbed","Submerged Wood",2019-10-16,"Labiobaetis","L","insect","Aquatic","Ephemeroptera","Baetidae","Fall19","2",1.528189409
"Disturbed","Submerged Wood",2019-10-16,"Labiobaetis","L","insect","Aquatic","Ephemeroptera","Baetidae","Fall19","3",0
"Disturbed","Submerged Wood",2019-10-16,"Drunella grandis/spinifera","L","insect","Aquatic","Ephemeroptera","Ephemerellidae","Fall19","1",0
"Disturbed","Submerged Wood",2019-10-16,"Drunella grandis/spinifera","L","insect","Aquatic","Ephemeroptera","Ephemerellidae","Fall19","2",0.384235637
"Disturbed","Submerged Wood",2019-10-16,"Drunella grandis/spinifera","L","insect","Aquatic","Ephemeroptera","Ephemerellidae","Fall19","3",1.106007133
"Disturbed","Submerged Wood",2019-10-16,"Boreoheptagyia","L","insect","Aquatic","Diptera","Chironomidae: Diamesinae","Fall19","1",0
"Disturbed","Submerged Wood",2019-10-16,"Boreoheptagyia","L","insect","Aquatic","Diptera","Chironomidae: Diamesinae","Fall19","2",0.221299625
"Disturbed","Submerged Wood",2019-10-16,"Boreoheptagyia","L","insect","Aquatic","Diptera","Chironomidae: Diamesinae","Fall19","3",0.095397266
"Disturbed","Submerged Wood",2019-10-16,"Brillia","L","insect","Aquatic","Diptera","Chironomidae: Orthocladiinae","Fall19","1",0
"Disturbed","Submerged Wood",2019-10-16,"Brillia","L","insect","Aquatic","Diptera","Chironomidae: Orthocladiinae","Fall19","2",0.11313057
"Disturbed","Submerged Wood",2019-10-16,"Brillia","L","insect","Aquatic","Diptera","Chironomidae: Orthocladiinae","Fall19","3",0
"Disturbed","Submerged Wood",2019-10-16,"Malenka","L","insect","Aquatic","Plecoptera","Nemouridae","Fall19","1",0
"Disturbed","Submerged Wood",2019-10-16,"Malenka","L","insect","Aquatic","Plecoptera","Nemouridae","Fall19","2",5.274948732
"Disturbed","Submerged Wood",2019-10-16,"Malenka","L","insect","Aquatic","Plecoptera","Nemouridae","Fall19","3",0
"Disturbed","Submerged Wood",2019-10-16,"Glossosoma","L","insect","Aquatic","Trichoptera","Glossosomatidae","Fall19","1",0
"Disturbed","Submerged Wood",2019-10-16,"Glossosoma","L","insect","Aquatic","Trichoptera","Glossosomatidae","Fall19","2",0
"Disturbed","Submerged Wood",2019-10-16,"Glossosoma","L","insect","Aquatic","Trichoptera","Glossosomatidae","Fall19","3",0.743411523
"Disturbed","Submerged Wood",2019-10-16,"Agraylea","L","insect","Aquatic","Trichoptera","Hydroptilidae","Fall19","1",0
"Disturbed","Submerged Wood",2019-10-16,"Agraylea","L","insect","Aquatic","Trichoptera","Hydroptilidae","Fall19","2",0
"Disturbed","Submerged Wood",2019-10-16,"Agraylea","L","insect","Aquatic","Trichoptera","Hydroptilidae","Fall19","3",2.681114349
"Disturbed","Submerged Wood",2019-10-16,"Lepidostoma (Neodinarthrum)","L","insect","Aquatic","Trichoptera","Lepidostomatidae","Fall19","1",0
"Disturbed","Submerged Wood",2019-10-16,"Lepidostoma (Neodinarthrum)","L","insect","Aquatic","Trichoptera","Lepidostomatidae","Fall19","2",0
"Disturbed","Submerged Wood",2019-10-16,"Lepidostoma (Neodinarthrum)","L","insect","Aquatic","Trichoptera","Lepidostomatidae","Fall19","3",0.110058518
"Disturbed","Submerged Wood",2019-10-16,"Ameletus","L","insect","Aquatic","Ephemeroptera","Ameletidae","Fall19","1",0
"Disturbed","Submerged Wood",2019-10-16,"Ameletus","L","insect","Aquatic","Ephemeroptera","Ameletidae","Fall19","2",0
"Disturbed","Submerged Wood",2019-10-16,"Ameletus","L","insect","Aquatic","Ephemeroptera","Ameletidae","Fall19","3",7.982303955
"Disturbed","Submerged Wood",2019-10-16,"Drunella coloradensis/flavilinea","L","insect","Aquatic","Ephemeroptera","Ephemerellidae","Fall19","1",0
"Disturbed","Submerged Wood",2019-10-16,"Drunella coloradensis/flavilinea","L","insect","Aquatic","Ephemeroptera","Ephemerellidae","Fall19","2",0
"Disturbed","Submerged Wood",2019-10-16,"Drunella coloradensis/flavilinea","L","insect","Aquatic","Ephemeroptera","Ephemerellidae","Fall19","3",0.017163169
"Disturbed","Submerged Wood",2019-10-16,"Timpanoga hecuba","L","insect","Aquatic","Ephemeroptera","Ephemerellidae","Fall19","1",0
"Disturbed","Submerged Wood",2019-10-16,"Timpanoga hecuba","L","insect","Aquatic","Ephemeroptera","Ephemerellidae","Fall19","2",0
"Disturbed","Submerged Wood",2019-10-16,"Timpanoga hecuba","L","insect","Aquatic","Ephemeroptera","Ephemerellidae","Fall19","3",22.6837092
"Disturbed","Submerged Wood",2019-10-16,"Epeorus","L","insect","Aquatic","Ephemeroptera","Heptageniidae","Fall19","1",0
"Disturbed","Submerged Wood",2019-10-16,"Epeorus","L","insect","Aquatic","Ephemeroptera","Heptageniidae","Fall19","2",0
"Disturbed","Submerged Wood",2019-10-16,"Epeorus","L","insect","Aquatic","Ephemeroptera","Heptageniidae","Fall19","3",0.09595152
"Disturbed","Submerged Wood",2019-10-16,"Tanytarsus","L","insect","Aquatic","Diptera","Chironomidae: Chironominae: Tanytarsini","Fall19","1",0
"Disturbed","Submerged Wood",2019-10-16,"Tanytarsus","L","insect","Aquatic","Diptera","Chironomidae: Chironominae: Tanytarsini","Fall19","2",0
"Disturbed","Submerged Wood",2019-10-16,"Tanytarsus","L","insect","Aquatic","Diptera","Chironomidae: Chironominae: Tanytarsini","Fall19","3",0.049053061
"Disturbed","Submerged Wood",2019-10-16,"Cricotopus (Nostococladius)","L","insect","Aquatic","Diptera","Chironomidae: Orthocladiinae","Fall19","1",0
"Disturbed","Submerged Wood",2019-10-16,"Cricotopus (Nostococladius)","L","insect","Aquatic","Diptera","Chironomidae: Orthocladiinae","Fall19","2",0
"Disturbed","Submerged Wood",2019-10-16,"Cricotopus (Nostococladius)","L","insect","Aquatic","Diptera","Chironomidae: Orthocladiinae","Fall19","3",3.279424747
"Disturbed","Submerged Wood",2019-10-16,"Eukiefferiella devonica group","L","insect","Aquatic","Diptera","Chironomidae: Orthocladiinae","Fall19","1",0
"Disturbed","Submerged Wood",2019-10-16,"Eukiefferiella devonica group","L","insect","Aquatic","Diptera","Chironomidae: Orthocladiinae","Fall19","2",0
"Disturbed","Submerged Wood",2019-10-16,"Eukiefferiella devonica group","L","insect","Aquatic","Diptera","Chironomidae: Orthocladiinae","Fall19","3",0.141741471
"Disturbed","Submerged Wood",2019-10-16,"Rheocricotopus","L","insect","Aquatic","Diptera","Chironomidae: Orthocladiinae","Fall19","1",0
"Disturbed","Submerged Wood",2019-10-16,"Rheocricotopus","L","insect","Aquatic","Diptera","Chironomidae: Orthocladiinae","Fall19","2",0
"Disturbed","Submerged Wood",2019-10-16,"Rheocricotopus","L","insect","Aquatic","Diptera","Chironomidae: Orthocladiinae","Fall19","3",0.02452653
"Disturbed","Submerged Wood",2019-10-16,"Lara","L","insect","Aquatic","Coleoptera","Elmidae","Fall19","1",0
"Disturbed","Submerged Wood",2019-10-16,"Lara","L","insect","Aquatic","Coleoptera","Elmidae","Fall19","2",0
"Disturbed","Submerged Wood",2019-10-16,"Lara","L","insect","Aquatic","Coleoptera","Elmidae","Fall19","3",0.241821653
"Disturbed","Submerged Wood",2019-10-16,"Amphizoa","L","insect","Aquatic","Coleoptera","Amphizoidae","Fall19","1",0
"Disturbed","Submerged Wood",2019-10-16,"Amphizoa","L","insect","Aquatic","Coleoptera","Amphizoidae","Fall19","2",0
"Disturbed","Submerged Wood",2019-10-16,"Amphizoa","L","insect","Aquatic","Coleoptera","Amphizoidae","Fall19","3",1.849530723
"Disturbed","Submerged Wood",2020-02-23,"Simulium","L","insect","Aquatic","Diptera","Simuliidae","Winter20","1",0.570146705
"Disturbed","Submerged Wood",2020-02-23,"Simulium","L","insect","Aquatic","Diptera","Simuliidae","Winter20","2",1.303360819
"Disturbed","Submerged Wood",2020-02-23,"Simulium","L","insect","Aquatic","Diptera","Simuliidae","Winter20","3",2.117690432
"Disturbed","Submerged Wood",2020-02-23,"Pedomoecus sierra","L","insect","Aquatic","Trichoptera","Apataniidae","Winter20","1",1.513825784
"Disturbed","Submerged Wood",2020-02-23,"Pedomoecus sierra","L","insect","Aquatic","Trichoptera","Apataniidae","Winter20","2",0
"Disturbed","Submerged Wood",2020-02-23,"Pedomoecus sierra","L","insect","Aquatic","Trichoptera","Apataniidae","Winter20","3",0
"Disturbed","Submerged Wood",2020-02-23,"Micrasema","L","insect","Aquatic","Trichoptera","Brachycentridae","Winter20","1",2.131670218
"Disturbed","Submerged Wood",2020-02-23,"Micrasema","L","insect","Aquatic","Trichoptera","Brachycentridae","Winter20","2",1.398387611
"Disturbed","Submerged Wood",2020-02-23,"Micrasema","L","insect","Aquatic","Trichoptera","Brachycentridae","Winter20","3",0
"Disturbed","Submerged Wood",2020-02-23,"Hydropsyche","L","insect","Aquatic","Trichoptera","Hydropsychidae","Winter20","1",4.873848644
"Disturbed","Submerged Wood",2020-02-23,"Hydropsyche","L","insect","Aquatic","Trichoptera","Hydropsychidae","Winter20","2",2.340690513
"Disturbed","Submerged Wood",2020-02-23,"Hydropsyche","L","insect","Aquatic","Trichoptera","Hydropsychidae","Winter20","3",0
"Disturbed","Submerged Wood",2020-02-23,"Lepidostoma (Neodinarthrum)","L","insect","Aquatic","Trichoptera","Lepidostomatidae","Winter20","1",1.301779961
"Disturbed","Submerged Wood",2020-02-23,"Lepidostoma (Neodinarthrum)","L","insect","Aquatic","Trichoptera","Lepidostomatidae","Winter20","2",0
"Disturbed","Submerged Wood",2020-02-23,"Lepidostoma (Neodinarthrum)","L","insect","Aquatic","Trichoptera","Lepidostomatidae","Winter20","3",0
"Disturbed","Submerged Wood",2020-02-23,"Hydatophylax hesperus","L","insect","Aquatic","Trichoptera","Limnephilidae","Winter20","1",115.6464168
"Disturbed","Submerged Wood",2020-02-23,"Hydatophylax hesperus","L","insect","Aquatic","Trichoptera","Limnephilidae","Winter20","2",0
"Disturbed","Submerged Wood",2020-02-23,"Hydatophylax hesperus","L","insect","Aquatic","Trichoptera","Limnephilidae","Winter20","3",0
"Disturbed","Submerged Wood",2020-02-23,"Onocosmoecus unicolor","L","insect","Aquatic","Trichoptera","Limnephilidae","Winter20","1",5.725012806
"Disturbed","Submerged Wood",2020-02-23,"Onocosmoecus unicolor","L","insect","Aquatic","Trichoptera","Limnephilidae","Winter20","2",0
"Disturbed","Submerged Wood",2020-02-23,"Onocosmoecus unicolor","L","insect","Aquatic","Trichoptera","Limnephilidae","Winter20","3",0
"Disturbed","Submerged Wood",2020-02-23,"Psychoglypha bella","L","insect","Aquatic","Trichoptera","Limnephilidae","Winter20","1",2.011171073
"Disturbed","Submerged Wood",2020-02-23,"Psychoglypha bella","L","insect","Aquatic","Trichoptera","Limnephilidae","Winter20","2",0
"Disturbed","Submerged Wood",2020-02-23,"Psychoglypha bella","L","insect","Aquatic","Trichoptera","Limnephilidae","Winter20","3",0
"Disturbed","Submerged Wood",2020-02-23,"Rhyacophila brunnea/vemna group","L","insect","Aquatic","Trichoptera","Rhyacophilidae","Winter20","1",3.244007964
"Disturbed","Submerged Wood",2020-02-23,"Rhyacophila brunnea/vemna group","L","insect","Aquatic","Trichoptera","Rhyacophilidae","Winter20","2",10.88071928
"Disturbed","Submerged Wood",2020-02-23,"Rhyacophila brunnea/vemna group","L","insect","Aquatic","Trichoptera","Rhyacophilidae","Winter20","3",0.160414229
"Disturbed","Submerged Wood",2020-02-23,"Baetis tricaudatus complex","L","insect","Aquatic","Ephemeroptera","Baetidae","Winter20","1",23.38573025
"Disturbed","Submerged Wood",2020-02-23,"Baetis tricaudatus complex","L","insect","Aquatic","Ephemeroptera","Baetidae","Winter20","2",0
"Disturbed","Submerged Wood",2020-02-23,"Baetis tricaudatus complex","L","insect","Aquatic","Ephemeroptera","Baetidae","Winter20","3",10.64427627
"Disturbed","Submerged Wood",2020-02-23,"Diphetor hageni","L","insect","Aquatic","Ephemeroptera","Baetidae","Winter20","1",1.298439319
"Disturbed","Submerged Wood",2020-02-23,"Diphetor hageni","L","insect","Aquatic","Ephemeroptera","Baetidae","Winter20","2",0.198770875
"Disturbed","Submerged Wood",2020-02-23,"Diphetor hageni","L","insect","Aquatic","Ephemeroptera","Baetidae","Winter20","3",0.235306258
"Disturbed","Submerged Wood",2020-02-23,"Attenella delantala","L","insect","Aquatic","Ephemeroptera","Ephemerellidae","Winter20","1",2.809302716
"Disturbed","Submerged Wood",2020-02-23,"Attenella delantala","L","insect","Aquatic","Ephemeroptera","Ephemerellidae","Winter20","2",0
"Disturbed","Submerged Wood",2020-02-23,"Attenella delantala","L","insect","Aquatic","Ephemeroptera","Ephemerellidae","Winter20","3",0
"Disturbed","Submerged Wood",2020-02-23,"Drunella flavilinea","L","insect","Aquatic","Ephemeroptera","Ephemerellidae","Winter20","1",0.193223694
"Disturbed","Submerged Wood",2020-02-23,"Drunella flavilinea","L","insect","Aquatic","Ephemeroptera","Ephemerellidae","Winter20","2",1.795432292
"Disturbed","Submerged Wood",2020-02-23,"Drunella flavilinea","L","insect","Aquatic","Ephemeroptera","Ephemerellidae","Winter20","3",0.813542014
"Disturbed","Submerged Wood",2020-02-23,"Ephemerella excrucians group","L","insect","Aquatic","Ephemeroptera","Ephemerellidae","Winter20","1",47.45937273
"Disturbed","Submerged Wood",2020-02-23,"Ephemerella excrucians group","L","insect","Aquatic","Ephemeroptera","Ephemerellidae","Winter20","2",0
"Disturbed","Submerged Wood",2020-02-23,"Ephemerella excrucians group","L","insect","Aquatic","Ephemeroptera","Ephemerellidae","Winter20","3",6.302681494
"Disturbed","Submerged Wood",2020-02-23,"Cinygma","L","insect","Aquatic","Ephemeroptera","Heptageniidae","Winter20","1",0.11018578
"Disturbed","Submerged Wood",2020-02-23,"Cinygma","L","insect","Aquatic","Ephemeroptera","Heptageniidae","Winter20","2",3.075286464
"Disturbed","Submerged Wood",2020-02-23,"Cinygma","L","insect","Aquatic","Ephemeroptera","Heptageniidae","Winter20","3",0
"Disturbed","Submerged Wood",2020-02-23,"Cinygmula","L","insect","Aquatic","Ephemeroptera","Heptageniidae","Winter20","1",2.379709983
"Disturbed","Submerged Wood",2020-02-23,"Cinygmula","L","insect","Aquatic","Ephemeroptera","Heptageniidae","Winter20","2",2.058141701
"Disturbed","Submerged Wood",2020-02-23,"Cinygmula","L","insect","Aquatic","Ephemeroptera","Heptageniidae","Winter20","3",0.475190171
"Disturbed","Submerged Wood",2020-02-23,"Epeorus","L","insect","Aquatic","Ephemeroptera","Heptageniidae","Winter20","1",0.05509289
"Disturbed","Submerged Wood",2020-02-23,"Epeorus","L","insect","Aquatic","Ephemeroptera","Heptageniidae","Winter20","2",0.61651925
"Disturbed","Submerged Wood",2020-02-23,"Epeorus","L","insect","Aquatic","Ephemeroptera","Heptageniidae","Winter20","3",0.054108
"Disturbed","Submerged Wood",2020-02-23,"Ironodes","L","insect","Aquatic","Ephemeroptera","Heptageniidae","Winter20","1",47.07885422
"Disturbed","Submerged Wood",2020-02-23,"Ironodes","L","insect","Aquatic","Ephemeroptera","Heptageniidae","Winter20","2",13.01644969
"Disturbed","Submerged Wood",2020-02-23,"Ironodes","L","insect","Aquatic","Ephemeroptera","Heptageniidae","Winter20","3",14.9116085
"Disturbed","Submerged Wood",2020-02-23,"Neoleptophlebia/Paraleptophlebia","L","insect","Aquatic","Ephemeroptera","Leptophlebiidae","Winter20","1",2.977226412
"Disturbed","Submerged Wood",2020-02-23,"Neoleptophlebia/Paraleptophlebia","L","insect","Aquatic","Ephemeroptera","Leptophlebiidae","Winter20","2",0.417025389
"Disturbed","Submerged Wood",2020-02-23,"Neoleptophlebia/Paraleptophlebia","L","insect","Aquatic","Ephemeroptera","Leptophlebiidae","Winter20","3",0
"Disturbed","Submerged Wood",2020-02-23,"Micropsectra","L","insect","Aquatic","Diptera","Chironomidae: Chironominae: Tanytarsini","Winter20","1",0.053286267
"Disturbed","Submerged Wood",2020-02-23,"Micropsectra","L","insect","Aquatic","Diptera","Chironomidae: Chironominae: Tanytarsini","Winter20","2",0
"Disturbed","Submerged Wood",2020-02-23,"Micropsectra","L","insect","Aquatic","Diptera","Chironomidae: Chironominae: Tanytarsini","Winter20","3",0
"Disturbed","Submerged Wood",2020-02-23,"Brillia","L","insect","Aquatic","Diptera","Chironomidae: Orthocladiinae","Winter20","1",0.602470377
"Disturbed","Submerged Wood",2020-02-23,"Brillia","L","insect","Aquatic","Diptera","Chironomidae: Orthocladiinae","Winter20","2",0.13157157
"Disturbed","Submerged Wood",2020-02-23,"Brillia","L","insect","Aquatic","Diptera","Chironomidae: Orthocladiinae","Winter20","3",0.326896897
"Disturbed","Submerged Wood",2020-02-23,"Orthocladius (Symposiocladius)","L","insect","Aquatic","Diptera","Chironomidae: Orthocladiinae","Winter20","1",0.489339808
"Disturbed","Submerged Wood",2020-02-23,"Orthocladius (Symposiocladius)","L","insect","Aquatic","Diptera","Chironomidae: Orthocladiinae","Winter20","2",0
"Disturbed","Submerged Wood",2020-02-23,"Orthocladius (Symposiocladius)","L","insect","Aquatic","Diptera","Chironomidae: Orthocladiinae","Winter20","3",0
"Disturbed","Submerged Wood",2020-02-23,"Parametriocnemus","L","insect","Aquatic","Diptera","Chironomidae: Orthocladiinae","Winter20","1",0.642886092
"Disturbed","Submerged Wood",2020-02-23,"Parametriocnemus","L","insect","Aquatic","Diptera","Chironomidae: Orthocladiinae","Winter20","2",0.529755522
"Disturbed","Submerged Wood",2020-02-23,"Parametriocnemus","L","insect","Aquatic","Diptera","Chironomidae: Orthocladiinae","Winter20","3",0
"Disturbed","Submerged Wood",2020-02-23,"Tvetenia bavarica group","L","insect","Aquatic","Diptera","Chironomidae: Orthocladiinae","Winter20","1",0.11313057
"Disturbed","Submerged Wood",2020-02-23,"Tvetenia bavarica group","L","insect","Aquatic","Diptera","Chironomidae: Orthocladiinae","Winter20","2",0.053286267
"Disturbed","Submerged Wood",2020-02-23,"Tvetenia bavarica group","L","insect","Aquatic","Diptera","Chironomidae: Orthocladiinae","Winter20","3",0
"Disturbed","Submerged Wood",2020-02-23,"Thienemannimyia complex","L","insect","Aquatic","Diptera","Chironomidae: Tanypodinae","Winter20","1",0.166416837
"Disturbed","Submerged Wood",2020-02-23,"Thienemannimyia complex","L","insect","Aquatic","Diptera","Chironomidae: Tanypodinae","Winter20","2",0.125013535
"Disturbed","Submerged Wood",2020-02-23,"Thienemannimyia complex","L","insect","Aquatic","Diptera","Chironomidae: Tanypodinae","Winter20","3",0
"Disturbed","Submerged Wood",2020-02-23,"Sweltsa","L","insect","Aquatic","Plecoptera","Chloroperlidae","Winter20","1",2.176090178
"Disturbed","Submerged Wood",2020-02-23,"Sweltsa","L","insect","Aquatic","Plecoptera","Chloroperlidae","Winter20","2",0
"Disturbed","Submerged Wood",2020-02-23,"Sweltsa","L","insect","Aquatic","Plecoptera","Chloroperlidae","Winter20","3",0
"Disturbed","Submerged Wood",2020-02-23,"Malenka","L","insect","Aquatic","Plecoptera","Nemouridae","Winter20","1",0.194407674
"Disturbed","Submerged Wood",2020-02-23,"Malenka","L","insect","Aquatic","Plecoptera","Nemouridae","Winter20","2",0
"Disturbed","Submerged Wood",2020-02-23,"Malenka","L","insect","Aquatic","Plecoptera","Nemouridae","Winter20","3",0
"Disturbed","Submerged Wood",2020-02-23,"Hesperoperla pacifica","L","insect","Aquatic","Plecoptera","Perlidae","Winter20","1",242.9574668
"Disturbed","Submerged Wood",2020-02-23,"Hesperoperla pacifica","L","insect","Aquatic","Plecoptera","Perlidae","Winter20","2",2.595639664
"Disturbed","Submerged Wood",2020-02-23,"Hesperoperla pacifica","L","insect","Aquatic","Plecoptera","Perlidae","Winter20","3",67.96435629
"Disturbed","Submerged Wood",2020-02-23,"Cultus","L","insect","Aquatic","Plecoptera","Perlodidae","Winter20","1",16.81506537
"Disturbed","Submerged Wood",2020-02-23,"Cultus","L","insect","Aquatic","Plecoptera","Perlodidae","Winter20","2",0
"Disturbed","Submerged Wood",2020-02-23,"Cultus","L","insect","Aquatic","Plecoptera","Perlodidae","Winter20","3",0.622736839
"Disturbed","Submerged Wood",2020-02-23,"Isoperlinae","L","insect","Aquatic","Plecoptera","Perlodidae","Winter20","1",2.701147464
"Disturbed","Submerged Wood",2020-02-23,"Isoperlinae","L","insect","Aquatic","Plecoptera","Perlodidae","Winter20","2",0
"Disturbed","Submerged Wood",2020-02-23,"Isoperlinae","L","insect","Aquatic","Plecoptera","Perlodidae","Winter20","3",0
"Disturbed","Submerged Wood",2020-02-23,"Skwala","L","insect","Aquatic","Plecoptera","Perlodidae","Winter20","1",54.93065465
"Disturbed","Submerged Wood",2020-02-23,"Skwala","L","insect","Aquatic","Plecoptera","Perlodidae","Winter20","2",127.6612851
"Disturbed","Submerged Wood",2020-02-23,"Skwala","L","insect","Aquatic","Plecoptera","Perlodidae","Winter20","3",0
"Disturbed","Submerged Wood",2020-02-23,"Brachycentrus americanus","L","insect","Aquatic","Trichoptera","Brachycentridae","Winter20","1",0
"Disturbed","Submerged Wood",2020-02-23,"Brachycentrus americanus","L","insect","Aquatic","Trichoptera","Brachycentridae","Winter20","2",0.097895771
"Disturbed","Submerged Wood",2020-02-23,"Brachycentrus americanus","L","insect","Aquatic","Trichoptera","Brachycentridae","Winter20","3",0.281289702
"Disturbed","Submerged Wood",2020-02-23,"Antocha","L","insect","Aquatic","Diptera","Tipulidae","Winter20","1",0
"Disturbed","Submerged Wood",2020-02-23,"Antocha","L","insect","Aquatic","Diptera","Tipulidae","Winter20","2",0.092103589
"Disturbed","Submerged Wood",2020-02-23,"Antocha","L","insect","Aquatic","Diptera","Tipulidae","Winter20","3",0
"Disturbed","Submerged Wood",2020-02-23,"Dicranomyia","L","insect","Aquatic","Diptera","Tipulidae","Winter20","1",0
"Disturbed","Submerged Wood",2020-02-23,"Dicranomyia","L","insect","Aquatic","Diptera","Tipulidae","Winter20","2",0.199176137
"Disturbed","Submerged Wood",2020-02-23,"Dicranomyia","L","insect","Aquatic","Diptera","Tipulidae","Winter20","3",0
"Disturbed","Submerged Wood",2020-02-23,"Neoplasta","L","insect","Aquatic","Diptera","Empididae","Winter20","1",0
"Disturbed","Submerged Wood",2020-02-23,"Neoplasta","L","insect","Aquatic","Diptera","Empididae","Winter20","2",0.295726975
"Disturbed","Submerged Wood",2020-02-23,"Neoplasta","L","insect","Aquatic","Diptera","Empididae","Winter20","3",0
"Disturbed","Submerged Wood",2020-02-23,"Caudatella columbiella","L","insect","Aquatic","Ephemeroptera","Ephemerellidae","Winter20","1",0
"Disturbed","Submerged Wood",2020-02-23,"Caudatella columbiella","L","insect","Aquatic","Ephemeroptera","Ephemerellidae","Winter20","2",0.246839993
"Disturbed","Submerged Wood",2020-02-23,"Caudatella columbiella","L","insect","Aquatic","Ephemeroptera","Ephemerellidae","Winter20","3",0.017201
"Disturbed","Submerged Wood",2020-02-23,"Caudatella edmundsi","L","insect","Aquatic","Ephemeroptera","Ephemerellidae","Winter20","1",0
"Disturbed","Submerged Wood",2020-02-23,"Caudatella edmundsi","L","insect","Aquatic","Ephemeroptera","Ephemerellidae","Winter20","2",1.947421473
"Disturbed","Submerged Wood",2020-02-23,"Caudatella edmundsi","L","insect","Aquatic","Ephemeroptera","Ephemerellidae","Winter20","3",0.101813156
"Disturbed","Submerged Wood",2020-02-23,"Caudatella hystrix","L","insect","Aquatic","Ephemeroptera","Ephemerellidae","Winter20","1",0
"Disturbed","Submerged Wood",2020-02-23,"Caudatella hystrix","L","insect","Aquatic","Ephemeroptera","Ephemerellidae","Winter20","2",4.632015461
"Disturbed","Submerged Wood",2020-02-23,"Caudatella hystrix","L","insect","Aquatic","Ephemeroptera","Ephemerellidae","Winter20","3",0
"Disturbed","Submerged Wood",2020-02-23,"Rheotanytarsus","L","insect","Aquatic","Diptera","Chironomidae: Chironominae: Tanytarsini","Winter20","1",0
"Disturbed","Submerged Wood",2020-02-23,"Rheotanytarsus","L","insect","Aquatic","Diptera","Chironomidae: Chironominae: Tanytarsini","Winter20","2",0.018441
"Disturbed","Submerged Wood",2020-02-23,"Rheotanytarsus","L","insect","Aquatic","Diptera","Chironomidae: Chironominae: Tanytarsini","Winter20","3",0
"Disturbed","Submerged Wood",2020-02-23,"Eukiefferiella claripennis group","L","insect","Aquatic","Diptera","Chironomidae: Orthocladiinae","Winter20","1",0
"Disturbed","Submerged Wood",2020-02-23,"Eukiefferiella claripennis group","L","insect","Aquatic","Diptera","Chironomidae: Orthocladiinae","Winter20","2",0.053286267
"Disturbed","Submerged Wood",2020-02-23,"Eukiefferiella claripennis group","L","insect","Aquatic","Diptera","Chironomidae: Orthocladiinae","Winter20","3",0
"Disturbed","Submerged Wood",2020-02-23,"Orthocladius","L","insect","Aquatic","Diptera","Chironomidae: Orthocladiinae","Winter20","1",0
"Disturbed","Submerged Wood",2020-02-23,"Orthocladius","L","insect","Aquatic","Diptera","Chironomidae: Orthocladiinae","Winter20","2",0.125013535
"Disturbed","Submerged Wood",2020-02-23,"Orthocladius","L","insect","Aquatic","Diptera","Chironomidae: Orthocladiinae","Winter20","3",0
"Disturbed","Submerged Wood",2020-02-23,"Rheocricotopus","L","insect","Aquatic","Diptera","Chironomidae: Orthocladiinae","Winter20","1",0
"Disturbed","Submerged Wood",2020-02-23,"Rheocricotopus","L","insect","Aquatic","Diptera","Chironomidae: Orthocladiinae","Winter20","2",0.226261139
"Disturbed","Submerged Wood",2020-02-23,"Rheocricotopus","L","insect","Aquatic","Diptera","Chironomidae: Orthocladiinae","Winter20","3",0
"Disturbed","Submerged Wood",2020-02-23,"Synorthocladius","L","insect","Aquatic","Diptera","Chironomidae: Orthocladiinae","Winter20","1",0
"Disturbed","Submerged Wood",2020-02-23,"Synorthocladius","L","insect","Aquatic","Diptera","Chironomidae: Orthocladiinae","Winter20","2",0.053286267
"Disturbed","Submerged Wood",2020-02-23,"Synorthocladius","L","insect","Aquatic","Diptera","Chironomidae: Orthocladiinae","Winter20","3",0
"Disturbed","Submerged Wood",2020-02-23,"Ampumixis dispar","L","insect","Aquatic","Coleoptera","Elmidae","Winter20","1",0
"Disturbed","Submerged Wood",2020-02-23,"Ampumixis dispar","L","insect","Aquatic","Coleoptera","Elmidae","Winter20","2",1.109076808
"Disturbed","Submerged Wood",2020-02-23,"Ampumixis dispar","L","insect","Aquatic","Coleoptera","Elmidae","Winter20","3",0
"Disturbed","Submerged Wood",2020-02-23,"Cleptelmis addenda","L","insect","Aquatic","Coleoptera","Elmidae","Winter20","1",0
"Disturbed","Submerged Wood",2020-02-23,"Cleptelmis addenda","L","insect","Aquatic","Coleoptera","Elmidae","Winter20","2",0.039711375
"Disturbed","Submerged Wood",2020-02-23,"Cleptelmis addenda","L","insect","Aquatic","Coleoptera","Elmidae","Winter20","3",0
"Disturbed","Submerged Wood",2020-02-23,"Zapada oregonensis group","L","insect","Aquatic","Plecoptera","Nemouridae","Winter20","1",0
"Disturbed","Submerged Wood",2020-02-23,"Zapada oregonensis group","L","insect","Aquatic","Plecoptera","Nemouridae","Winter20","2",1.318737183
"Disturbed","Submerged Wood",2020-02-23,"Zapada oregonensis group","L","insect","Aquatic","Plecoptera","Nemouridae","Winter20","3",0
"Disturbed","Submerged Wood",2020-02-23,"Yoraperla","L","insect","Aquatic","Plecoptera","Peltoperlidae","Winter20","1",0
"Disturbed","Submerged Wood",2020-02-23,"Yoraperla","L","insect","Aquatic","Plecoptera","Peltoperlidae","Winter20","2",0.18927118
"Disturbed","Submerged Wood",2020-02-23,"Yoraperla","L","insect","Aquatic","Plecoptera","Peltoperlidae","Winter20","3",0
"Disturbed","Submerged Wood",2020-02-23,"Dicranota","L","insect","Aquatic","Diptera","Tipulidae","Winter20","1",0
"Disturbed","Submerged Wood",2020-02-23,"Dicranota","L","insect","Aquatic","Diptera","Tipulidae","Winter20","2",0
"Disturbed","Submerged Wood",2020-02-23,"Dicranota","L","insect","Aquatic","Diptera","Tipulidae","Winter20","3",0.36228725
"Disturbed","Submerged Wood",2020-02-23,"Krenosmittia","L","insect","Aquatic","Diptera","Chironomidae: Orthocladiinae","Winter20","1",0
"Disturbed","Submerged Wood",2020-02-23,"Krenosmittia","L","insect","Aquatic","Diptera","Chironomidae: Orthocladiinae","Winter20","2",0
"Disturbed","Submerged Wood",2020-02-23,"Krenosmittia","L","insect","Aquatic","Diptera","Chironomidae: Orthocladiinae","Winter20","3",0.11313057
"Disturbed","Submerged Wood",2020-05-05,"Amiocentrus aspilus","L","insect","Aquatic","Trichoptera","Brachycentridae","Spring20","1",0.043452997
"Disturbed","Submerged Wood",2020-05-05,"Amiocentrus aspilus","L","insect","Aquatic","Trichoptera","Brachycentridae","Spring20","2",0
"Disturbed","Submerged Wood",2020-05-05,"Amiocentrus aspilus","L","insect","Aquatic","Trichoptera","Brachycentridae","Spring20","3",0
"Disturbed","Submerged Wood",2020-05-05,"Stactobiella","L","insect","Aquatic","Trichoptera","Hydroptilidae","Spring20","1",0.088705151
"Disturbed","Submerged Wood",2020-05-05,"Stactobiella","L","insect","Aquatic","Trichoptera","Hydroptilidae","Spring20","2",0
"Disturbed","Submerged Wood",2020-05-05,"Stactobiella","L","insect","Aquatic","Trichoptera","Hydroptilidae","Spring20","3",0
"Disturbed","Submerged Wood",2020-05-05,"Clinocera","L","insect","Aquatic","Diptera","Empididae","Spring20","1",0.025318535
"Disturbed","Submerged Wood",2020-05-05,"Clinocera","L","insect","Aquatic","Diptera","Empididae","Spring20","2",0
"Disturbed","Submerged Wood",2020-05-05,"Clinocera","L","insect","Aquatic","Diptera","Empididae","Spring20","3",0.147863488
"Disturbed","Submerged Wood",2020-05-05,"Ameletus","L","insect","Aquatic","Ephemeroptera","Ameletidae","Spring20","1",2.655171807
"Disturbed","Submerged Wood",2020-05-05,"Ameletus","L","insect","Aquatic","Ephemeroptera","Ameletidae","Spring20","2",6.078163749
"Disturbed","Submerged Wood",2020-05-05,"Ameletus","L","insect","Aquatic","Ephemeroptera","Ameletidae","Spring20","3",19.53258864
"Disturbed","Submerged Wood",2020-05-05,"Acentrella","L","insect","Aquatic","Ephemeroptera","Baetidae","Spring20","1",0.0321308
"Disturbed","Submerged Wood",2020-05-05,"Acentrella","L","insect","Aquatic","Ephemeroptera","Baetidae","Spring20","2",0.0160654
"Disturbed","Submerged Wood",2020-05-05,"Acentrella","L","insect","Aquatic","Ephemeroptera","Baetidae","Spring20","3",0.065059356
"Disturbed","Submerged Wood",2020-05-05,"Baetis tricaudatus complex","L","insect","Aquatic","Ephemeroptera","Baetidae","Spring20","1",11.57600208
"Disturbed","Submerged Wood",2020-05-05,"Baetis tricaudatus complex","L","insect","Aquatic","Ephemeroptera","Baetidae","Spring20","2",5.344198854
"Disturbed","Submerged Wood",2020-05-05,"Baetis tricaudatus complex","L","insect","Aquatic","Ephemeroptera","Baetidae","Spring20","3",9.785056885
"Disturbed","Submerged Wood",2020-05-05,"Diphetor hageni","L","insect","Aquatic","Ephemeroptera","Baetidae","Spring20","1",1.16098789
"Disturbed","Submerged Wood",2020-05-05,"Diphetor hageni","L","insect","Aquatic","Ephemeroptera","Baetidae","Spring20","2",14.1125517
"Disturbed","Submerged Wood",2020-05-05,"Diphetor hageni","L","insect","Aquatic","Ephemeroptera","Baetidae","Spring20","3",10.85432803
"Disturbed","Submerged Wood",2020-05-05,"Drunella flavilinea","L","insect","Aquatic","Ephemeroptera","Ephemerellidae","Spring20","1",2.850792286
"Disturbed","Submerged Wood",2020-05-05,"Drunella flavilinea","L","insect","Aquatic","Ephemeroptera","Ephemerellidae","Spring20","2",0.384235637
"Disturbed","Submerged Wood",2020-05-05,"Drunella flavilinea","L","insect","Aquatic","Ephemeroptera","Ephemerellidae","Spring20","3",6.131780266
"Disturbed","Submerged Wood",2020-05-05,"Cinygmula","L","insect","Aquatic","Ephemeroptera","Heptageniidae","Spring20","1",0.820754822
"Disturbed","Submerged Wood",2020-05-05,"Cinygmula","L","insect","Aquatic","Ephemeroptera","Heptageniidae","Spring20","2",2.507083336
"Disturbed","Submerged Wood",2020-05-05,"Cinygmula","L","insect","Aquatic","Ephemeroptera","Heptageniidae","Spring20","3",5.956589624
"Disturbed","Submerged Wood",2020-05-05,"Epeorus albertae group","L","insect","Aquatic","Ephemeroptera","Heptageniidae","Spring20","1",0.298069056
"Disturbed","Submerged Wood",2020-05-05,"Epeorus albertae group","L","insect","Aquatic","Ephemeroptera","Heptageniidae","Spring20","2",0
"Disturbed","Submerged Wood",2020-05-05,"Epeorus albertae group","L","insect","Aquatic","Ephemeroptera","Heptageniidae","Spring20","3",0.38968431
"Disturbed","Submerged Wood",2020-05-05,"Ironodes","L","insect","Aquatic","Ephemeroptera","Heptageniidae","Spring20","1",15.81578475
"Disturbed","Submerged Wood",2020-05-05,"Ironodes","L","insect","Aquatic","Ephemeroptera","Heptageniidae","Spring20","2",0
"Disturbed","Submerged Wood",2020-05-05,"Ironodes","L","insect","Aquatic","Ephemeroptera","Heptageniidae","Spring20","3",0
"Disturbed","Submerged Wood",2020-05-05,"Polypedilum","L","insect","Aquatic","Diptera","Chironomidae: Chironominae","Spring20","1",0.202858625
"Disturbed","Submerged Wood",2020-05-05,"Polypedilum","L","insect","Aquatic","Diptera","Chironomidae: Chironominae","Spring20","2",0.5725743
"Disturbed","Submerged Wood",2020-05-05,"Polypedilum","L","insect","Aquatic","Diptera","Chironomidae: Chironominae","Spring20","3",6.328683519
"Disturbed","Submerged Wood",2020-05-05,"Micropsectra","L","insect","Aquatic","Diptera","Chironomidae: Chironominae: Tanytarsini","Spring20","1",0.202858625
"Disturbed","Submerged Wood",2020-05-05,"Micropsectra","L","insect","Aquatic","Diptera","Chironomidae: Chironominae: Tanytarsini","Spring20","2",0
"Disturbed","Submerged Wood",2020-05-05,"Micropsectra","L","insect","Aquatic","Diptera","Chironomidae: Chironominae: Tanytarsini","Spring20","3",0
"Disturbed","Submerged Wood",2020-05-05,"Rheotanytarsus","L","insect","Aquatic","Diptera","Chironomidae: Chironominae: Tanytarsini","Spring20","1",0.235659537
"Disturbed","Submerged Wood",2020-05-05,"Rheotanytarsus","L","insect","Aquatic","Diptera","Chironomidae: Chironominae: Tanytarsini","Spring20","2",0.184857837
"Disturbed","Submerged Wood",2020-05-05,"Rheotanytarsus","L","insect","Aquatic","Diptera","Chironomidae: Chironominae: Tanytarsini","Spring20","3",0.31308021
"Disturbed","Submerged Wood",2020-05-05,"Diamesa","L","insect","Aquatic","Diptera","Chironomidae: Diamesinae","Spring20","1",0.816236705
"Disturbed","Submerged Wood",2020-05-05,"Diamesa","L","insect","Aquatic","Diptera","Chironomidae: Diamesinae","Spring20","2",0.053286267
"Disturbed","Submerged Wood",2020-05-05,"Diamesa","L","insect","Aquatic","Diptera","Chironomidae: Diamesinae","Spring20","3",0
"Disturbed","Submerged Wood",2020-05-05,"Eukiefferiella claripennis group","L","insect","Aquatic","Diptera","Chironomidae: Orthocladiinae","Spring20","1",0.106572535
"Disturbed","Submerged Wood",2020-05-05,"Eukiefferiella claripennis group","L","insect","Aquatic","Diptera","Chironomidae: Orthocladiinae","Spring20","2",0
"Disturbed","Submerged Wood",2020-05-05,"Eukiefferiella claripennis group","L","insect","Aquatic","Diptera","Chironomidae: Orthocladiinae","Spring20","3",0
"Disturbed","Submerged Wood",2020-05-05,"Limnophyes","L","insect","Aquatic","Diptera","Chironomidae: Orthocladiinae","Spring20","1",0.053286267
"Disturbed","Submerged Wood",2020-05-05,"Limnophyes","L","insect","Aquatic","Diptera","Chironomidae: Orthocladiinae","Spring20","2",0.272989372
"Disturbed","Submerged Wood",2020-05-05,"Limnophyes","L","insect","Aquatic","Diptera","Chironomidae: Orthocladiinae","Spring20","3",0.420403633
"Disturbed","Submerged Wood",2020-05-05,"Orthocladius","L","insect","Aquatic","Diptera","Chironomidae: Orthocladiinae","Spring20","1",3.959790499
"Disturbed","Submerged Wood",2020-05-05,"Orthocladius","L","insect","Aquatic","Diptera","Chironomidae: Orthocladiinae","Spring20","2",1.451826929
"Disturbed","Submerged Wood",2020-05-05,"Orthocladius","L","insect","Aquatic","Diptera","Chironomidae: Orthocladiinae","Spring20","3",3.201977569
"Disturbed","Submerged Wood",2020-05-05,"Synorthocladius","L","insect","Aquatic","Diptera","Chironomidae: Orthocladiinae","Spring20","1",0.071727268
"Disturbed","Submerged Wood",2020-05-05,"Synorthocladius","L","insect","Aquatic","Diptera","Chironomidae: Orthocladiinae","Spring20","2",0.018441
"Disturbed","Submerged Wood",2020-05-05,"Synorthocladius","L","insect","Aquatic","Diptera","Chironomidae: Orthocladiinae","Spring20","3",0.164121704
"Disturbed","Submerged Wood",2020-05-05,"Thienemanniella","L","insect","Aquatic","Diptera","Chironomidae: Orthocladiinae","Spring20","1",0.018441
"Disturbed","Submerged Wood",2020-05-05,"Thienemanniella","L","insect","Aquatic","Diptera","Chironomidae: Orthocladiinae","Spring20","2",0
"Disturbed","Submerged Wood",2020-05-05,"Thienemanniella","L","insect","Aquatic","Diptera","Chironomidae: Orthocladiinae","Spring20","3",0
"Disturbed","Submerged Wood",2020-05-05,"Tvetenia bavarica group","L","insect","Aquatic","Diptera","Chironomidae: Orthocladiinae","Spring20","1",0.053286267
"Disturbed","Submerged Wood",2020-05-05,"Tvetenia bavarica group","L","insect","Aquatic","Diptera","Chironomidae: Orthocladiinae","Spring20","2",0.166416837
"Disturbed","Submerged Wood",2020-05-05,"Tvetenia bavarica group","L","insect","Aquatic","Diptera","Chironomidae: Orthocladiinae","Spring20","3",0.246182555
"Disturbed","Submerged Wood",2020-05-05,"Ceratopogoninae","L","insect","Aquatic","Diptera","Ceratopogonidae","Spring20","1",0.509569635
"Disturbed","Submerged Wood",2020-05-05,"Ceratopogoninae","L","insect","Aquatic","Diptera","Ceratopogonidae","Spring20","2",0.509569635
"Disturbed","Submerged Wood",2020-05-05,"Ceratopogoninae","L","insect","Aquatic","Diptera","Ceratopogonidae","Spring20","3",0.708574726
"Disturbed","Submerged Wood",2020-05-05,"Malenka","L","insect","Aquatic","Plecoptera","Nemouridae","Spring20","1",0.229275972
"Disturbed","Submerged Wood",2020-05-05,"Malenka","L","insect","Aquatic","Plecoptera","Nemouridae","Spring20","2",2.378738206
"Disturbed","Submerged Wood",2020-05-05,"Malenka","L","insect","Aquatic","Plecoptera","Nemouridae","Spring20","3",0.889776333
"Disturbed","Submerged Wood",2020-05-05,"Brachycentrus americanus","L","insect","Aquatic","Trichoptera","Brachycentridae","Spring20","1",0
"Disturbed","Submerged Wood",2020-05-05,"Brachycentrus americanus","L","insect","Aquatic","Trichoptera","Brachycentridae","Spring20","2",1.994487115
"Disturbed","Submerged Wood",2020-05-05,"Brachycentrus americanus","L","insect","Aquatic","Trichoptera","Brachycentridae","Spring20","3",2.129316407
"Disturbed","Submerged Wood",2020-05-05,"Micrasema","L","insect","Aquatic","Trichoptera","Brachycentridae","Spring20","1",0
"Disturbed","Submerged Wood",2020-05-05,"Micrasema","L","insect","Aquatic","Trichoptera","Brachycentridae","Spring20","2",13.13780333
"Disturbed","Submerged Wood",2020-05-05,"Micrasema","L","insect","Aquatic","Trichoptera","Brachycentridae","Spring20","3",3.633740161
"Disturbed","Submerged Wood",2020-05-05,"Rhyacophila brunnea/vemna group","L","insect","Aquatic","Trichoptera","Rhyacophilidae","Spring20","1",0
"Disturbed","Submerged Wood",2020-05-05,"Rhyacophila brunnea/vemna group","L","insect","Aquatic","Trichoptera","Rhyacophilidae","Spring20","2",5.361386084
"Disturbed","Submerged Wood",2020-05-05,"Rhyacophila brunnea/vemna group","L","insect","Aquatic","Trichoptera","Rhyacophilidae","Spring20","3",0.369522099
"Disturbed","Submerged Wood",2020-05-05,"Dicranota","L","insect","Aquatic","Diptera","Tipulidae","Spring20","1",0
"Disturbed","Submerged Wood",2020-05-05,"Dicranota","L","insect","Aquatic","Diptera","Tipulidae","Spring20","2",0.789836695
"Disturbed","Submerged Wood",2020-05-05,"Dicranota","L","insect","Aquatic","Diptera","Tipulidae","Spring20","3",0
"Disturbed","Submerged Wood",2020-05-05,"Chelifera/Metachela","L","insect","Aquatic","Diptera","Empididae","Spring20","1",0
"Disturbed","Submerged Wood",2020-05-05,"Chelifera/Metachela","L","insect","Aquatic","Diptera","Empididae","Spring20","2",0.8635417
"Disturbed","Submerged Wood",2020-05-05,"Chelifera/Metachela","L","insect","Aquatic","Diptera","Empididae","Spring20","3",0
"Disturbed","Submerged Wood",2020-05-05,"Ephemerella excrucians group","L","insect","Aquatic","Ephemeroptera","Ephemerellidae","Spring20","1",0
"Disturbed","Submerged Wood",2020-05-05,"Ephemerella excrucians group","L","insect","Aquatic","Ephemeroptera","Ephemerellidae","Spring20","2",14.20496055
"Disturbed","Submerged Wood",2020-05-05,"Ephemerella excrucians group","L","insect","Aquatic","Ephemeroptera","Ephemerellidae","Spring20","3",17.97654102
"Disturbed","Submerged Wood",2020-05-05,"Neoleptophlebia/Paraleptophlebia","L","insect","Aquatic","Ephemeroptera","Leptophlebiidae","Spring20","1",0
"Disturbed","Submerged Wood",2020-05-05,"Neoleptophlebia/Paraleptophlebia","L","insect","Aquatic","Ephemeroptera","Leptophlebiidae","Spring20","2",13.32003717
"Disturbed","Submerged Wood",2020-05-05,"Neoleptophlebia/Paraleptophlebia","L","insect","Aquatic","Ephemeroptera","Leptophlebiidae","Spring20","3",5.110889614
"Disturbed","Submerged Wood",2020-05-05,"Microtendipes rydalensis group","L","insect","Aquatic","Diptera","Chironomidae: Chironominae","Spring20","1",0
"Disturbed","Submerged Wood",2020-05-05,"Microtendipes rydalensis group","L","insect","Aquatic","Diptera","Chironomidae: Chironominae","Spring20","2",0.018441
"Disturbed","Submerged Wood",2020-05-05,"Microtendipes rydalensis group","L","insect","Aquatic","Diptera","Chironomidae: Chironominae","Spring20","3",0.082060852
"Disturbed","Submerged Wood",2020-05-05,"Tanytarsus","L","insect","Aquatic","Diptera","Chironomidae: Chironominae: Tanytarsini","Spring20","1",0
"Disturbed","Submerged Wood",2020-05-05,"Tanytarsus","L","insect","Aquatic","Diptera","Chironomidae: Chironominae: Tanytarsini","Spring20","2",0.469730175
"Disturbed","Submerged Wood",2020-05-05,"Tanytarsus","L","insect","Aquatic","Diptera","Chironomidae: Chironominae: Tanytarsini","Spring20","3",0.705084702
"Disturbed","Submerged Wood",2020-05-05,"Pagastia","L","insect","Aquatic","Diptera","Chironomidae: Diamesinae","Spring20","1",0
"Disturbed","Submerged Wood",2020-05-05,"Pagastia","L","insect","Aquatic","Diptera","Chironomidae: Diamesinae","Spring20","2",0.202858625
"Disturbed","Submerged Wood",2020-05-05,"Pagastia","L","insect","Aquatic","Diptera","Chironomidae: Diamesinae","Spring20","3",2.194211373
"Disturbed","Submerged Wood",2020-05-05,"Brillia","L","insect","Aquatic","Diptera","Chironomidae: Orthocladiinae","Spring20","1",0
"Disturbed","Submerged Wood",2020-05-05,"Brillia","L","insect","Aquatic","Diptera","Chironomidae: Orthocladiinae","Spring20","2",0.090168268
"Disturbed","Submerged Wood",2020-05-05,"Brillia","L","insect","Aquatic","Diptera","Chironomidae: Orthocladiinae","Spring20","3",1.565122831
"Disturbed","Submerged Wood",2020-05-05,"Cricotopus (Nostococladius)","L","insect","Aquatic","Diptera","Chironomidae: Orthocladiinae","Spring20","1",0
"Disturbed","Submerged Wood",2020-05-05,"Cricotopus (Nostococladius)","L","insect","Aquatic","Diptera","Chironomidae: Orthocladiinae","Spring20","2",0.018441
"Disturbed","Submerged Wood",2020-05-05,"Cricotopus (Nostococladius)","L","insect","Aquatic","Diptera","Chironomidae: Orthocladiinae","Spring20","3",0.380183165
"Disturbed","Submerged Wood",2020-05-05,"Parakiefferiella","L","insect","Aquatic","Diptera","Chironomidae: Orthocladiinae","Spring20","1",0
"Disturbed","Submerged Wood",2020-05-05,"Parakiefferiella","L","insect","Aquatic","Diptera","Chironomidae: Orthocladiinae","Spring20","2",0.13157157
"Disturbed","Submerged Wood",2020-05-05,"Parakiefferiella","L","insect","Aquatic","Diptera","Chironomidae: Orthocladiinae","Spring20","3",0.348442154
"Disturbed","Submerged Wood",2020-05-05,"Parametriocnemus","L","insect","Aquatic","Diptera","Chironomidae: Orthocladiinae","Spring20","1",0
"Disturbed","Submerged Wood",2020-05-05,"Parametriocnemus","L","insect","Aquatic","Diptera","Chironomidae: Orthocladiinae","Spring20","2",0.11313057
"Disturbed","Submerged Wood",2020-05-05,"Parametriocnemus","L","insect","Aquatic","Diptera","Chironomidae: Orthocladiinae","Spring20","3",0.174221077
"Disturbed","Submerged Wood",2020-05-05,"Rheocricotopus","L","insect","Aquatic","Diptera","Chironomidae: Orthocladiinae","Spring20","1",0
"Disturbed","Submerged Wood",2020-05-05,"Rheocricotopus","L","insect","Aquatic","Diptera","Chironomidae: Orthocladiinae","Spring20","2",0.11313057
"Disturbed","Submerged Wood",2020-05-05,"Rheocricotopus","L","insect","Aquatic","Diptera","Chironomidae: Orthocladiinae","Spring20","3",0
"Disturbed","Submerged Wood",2020-05-05,"Pentaneura","L","insect","Aquatic","Diptera","Chironomidae: Tanypodinae","Spring20","1",0
"Disturbed","Submerged Wood",2020-05-05,"Pentaneura","L","insect","Aquatic","Diptera","Chironomidae: Tanypodinae","Spring20","2",0.319717604
"Disturbed","Submerged Wood",2020-05-05,"Pentaneura","L","insect","Aquatic","Diptera","Chironomidae: Tanypodinae","Spring20","3",0
"Disturbed","Submerged Wood",2020-05-05,"Thienemannimyia complex","L","insect","Aquatic","Diptera","Chironomidae: Tanypodinae","Spring20","1",0
"Disturbed","Submerged Wood",2020-05-05,"Thienemannimyia complex","L","insect","Aquatic","Diptera","Chironomidae: Tanypodinae","Spring20","2",5.66446043
"Disturbed","Submerged Wood",2020-05-05,"Thienemannimyia complex","L","insect","Aquatic","Diptera","Chironomidae: Tanypodinae","Spring20","3",5.552177654
"Disturbed","Submerged Wood",2020-05-05,"Ampumixis dispar","L","insect","Aquatic","Coleoptera","Elmidae","Spring20","1",0
"Disturbed","Submerged Wood",2020-05-05,"Ampumixis dispar","L","insect","Aquatic","Coleoptera","Elmidae","Spring20","2",2.048990143
"Disturbed","Submerged Wood",2020-05-05,"Ampumixis dispar","L","insect","Aquatic","Coleoptera","Elmidae","Spring20","3",0.221532167
"Disturbed","Submerged Wood",2020-05-05,"Cleptelmis addenda","L","insect","Aquatic","Coleoptera","Elmidae","Spring20","1",0
"Disturbed","Submerged Wood",2020-05-05,"Cleptelmis addenda","L","insect","Aquatic","Coleoptera","Elmidae","Spring20","2",1.871256669
"Disturbed","Submerged Wood",2020-05-05,"Cleptelmis addenda","L","insect","Aquatic","Coleoptera","Elmidae","Spring20","3",1.940175102
"Disturbed","Submerged Wood",2020-05-05,"Hesperoperla pacifica","L","insect","Aquatic","Plecoptera","Perlidae","Spring20","1",0
"Disturbed","Submerged Wood",2020-05-05,"Hesperoperla pacifica","L","insect","Aquatic","Plecoptera","Perlidae","Spring20","2",0.10625476
"Disturbed","Submerged Wood",2020-05-05,"Hesperoperla pacifica","L","insect","Aquatic","Plecoptera","Perlidae","Spring20","3",0
"Disturbed","Submerged Wood",2020-05-05,"Osobenus yakimae","L","insect","Aquatic","Plecoptera","Perlodidae","Spring20","1",0
"Disturbed","Submerged Wood",2020-05-05,"Osobenus yakimae","L","insect","Aquatic","Plecoptera","Perlodidae","Spring20","2",11.26537757
"Disturbed","Submerged Wood",2020-05-05,"Osobenus yakimae","L","insect","Aquatic","Plecoptera","Perlodidae","Spring20","3",8.260599766
"Disturbed","Submerged Wood",2020-05-05,"Simulium","L","insect","Aquatic","Diptera","Simuliidae","Spring20","1",0
"Disturbed","Submerged Wood",2020-05-05,"Simulium","L","insect","Aquatic","Diptera","Simuliidae","Spring20","2",0
"Disturbed","Submerged Wood",2020-05-05,"Simulium","L","insect","Aquatic","Diptera","Simuliidae","Spring20","3",0.091276413
"Disturbed","Submerged Wood",2020-05-05,"Neoplasta","L","insect","Aquatic","Diptera","Empididae","Spring20","1",0
"Disturbed","Submerged Wood",2020-05-05,"Neoplasta","L","insect","Aquatic","Diptera","Empididae","Spring20","2",0
"Disturbed","Submerged Wood",2020-05-05,"Neoplasta","L","insect","Aquatic","Diptera","Empididae","Spring20","3",0.9983013
"Disturbed","Submerged Wood",2020-05-05,"Glutops","L","insect","Aquatic","Diptera","Pelecorhynchidae","Spring20","1",0
"Disturbed","Submerged Wood",2020-05-05,"Glutops","L","insect","Aquatic","Diptera","Pelecorhynchidae","Spring20","2",0
"Disturbed","Submerged Wood",2020-05-05,"Glutops","L","insect","Aquatic","Diptera","Pelecorhynchidae","Spring20","3",4.162861713
"Disturbed","Submerged Wood",2020-05-05,"Anafroptilum","L","insect","Aquatic","Ephemeroptera","Baetidae","Spring20","1",0
"Disturbed","Submerged Wood",2020-05-05,"Anafroptilum","L","insect","Aquatic","Ephemeroptera","Baetidae","Spring20","2",0
"Disturbed","Submerged Wood",2020-05-05,"Anafroptilum","L","insect","Aquatic","Ephemeroptera","Baetidae","Spring20","3",0.064931222
"Disturbed","Submerged Wood",2020-05-05,"Baetis alius","L","insect","Aquatic","Ephemeroptera","Baetidae","Spring20","1",0
"Disturbed","Submerged Wood",2020-05-05,"Baetis alius","L","insect","Aquatic","Ephemeroptera","Baetidae","Spring20","2",0
"Disturbed","Submerged Wood",2020-05-05,"Baetis alius","L","insect","Aquatic","Ephemeroptera","Baetidae","Spring20","3",0.008851
"Disturbed","Submerged Wood",2020-05-05,"Attenella delantala","L","insect","Aquatic","Ephemeroptera","Ephemerellidae","Spring20","1",0
"Disturbed","Submerged Wood",2020-05-05,"Attenella delantala","L","insect","Aquatic","Ephemeroptera","Ephemerellidae","Spring20","2",0
"Disturbed","Submerged Wood",2020-05-05,"Attenella delantala","L","insect","Aquatic","Ephemeroptera","Ephemerellidae","Spring20","3",0.702532197
"Disturbed","Submerged Wood",2020-05-05,"Cinygma","L","insect","Aquatic","Ephemeroptera","Heptageniidae","Spring20","1",0
"Disturbed","Submerged Wood",2020-05-05,"Cinygma","L","insect","Aquatic","Ephemeroptera","Heptageniidae","Spring20","2",0
"Disturbed","Submerged Wood",2020-05-05,"Cinygma","L","insect","Aquatic","Ephemeroptera","Heptageniidae","Spring20","3",21.3096105
"Disturbed","Submerged Wood",2020-05-05,"Paracladopelma","L","insect","Aquatic","Diptera","Chironomidae: Chironominae","Spring20","1",0
"Disturbed","Submerged Wood",2020-05-05,"Paracladopelma","L","insect","Aquatic","Diptera","Chironomidae: Chironominae","Spring20","2",0
"Disturbed","Submerged Wood",2020-05-05,"Paracladopelma","L","insect","Aquatic","Diptera","Chironomidae: Chironominae","Spring20","3",0.174221077
"Disturbed","Submerged Wood",2020-05-05,"Cladotanytarsus","L","insect","Aquatic","Diptera","Chironomidae: Chironominae: Tanytarsini","Spring20","1",0
"Disturbed","Submerged Wood",2020-05-05,"Cladotanytarsus","L","insect","Aquatic","Diptera","Chironomidae: Chironominae: Tanytarsini","Spring20","2",0
"Disturbed","Submerged Wood",2020-05-05,"Cladotanytarsus","L","insect","Aquatic","Diptera","Chironomidae: Chironominae: Tanytarsini","Spring20","3",1.363470496
"Disturbed","Submerged Wood",2020-05-05,"Stempellinella","L","insect","Aquatic","Diptera","Chironomidae: Chironominae: Tanytarsini","Spring20","1",0
"Disturbed","Submerged Wood",2020-05-05,"Stempellinella","L","insect","Aquatic","Diptera","Chironomidae: Chironominae: Tanytarsini","Spring20","2",0
"Disturbed","Submerged Wood",2020-05-05,"Stempellinella","L","insect","Aquatic","Diptera","Chironomidae: Chironominae: Tanytarsini","Spring20","3",0.056798281
"Disturbed","Submerged Wood",2020-05-05,"Chaetocladius","L","insect","Aquatic","Diptera","Chironomidae: Orthocladiinae","Spring20","1",0
"Disturbed","Submerged Wood",2020-05-05,"Chaetocladius","L","insect","Aquatic","Diptera","Chironomidae: Orthocladiinae","Spring20","2",0
"Disturbed","Submerged Wood",2020-05-05,"Chaetocladius","L","insect","Aquatic","Diptera","Chironomidae: Orthocladiinae","Spring20","3",1.732111398
"Disturbed","Submerged Wood",2020-05-05,"Heterotrissocladius marcidus group","L","insect","Aquatic","Diptera","Chironomidae: Orthocladiinae","Spring20","1",0
"Disturbed","Submerged Wood",2020-05-05,"Heterotrissocladius marcidus group","L","insect","Aquatic","Diptera","Chironomidae: Orthocladiinae","Spring20","2",0
"Disturbed","Submerged Wood",2020-05-05,"Heterotrissocladius marcidus group","L","insect","Aquatic","Diptera","Chironomidae: Orthocladiinae","Spring20","3",0.02839914
"Disturbed","Submerged Wood",2020-05-05,"Nilotanypus","L","insect","Aquatic","Diptera","Chironomidae: Tanypodinae","Spring20","1",0
"Disturbed","Submerged Wood",2020-05-05,"Nilotanypus","L","insect","Aquatic","Diptera","Chironomidae: Tanypodinae","Spring20","2",0
"Disturbed","Submerged Wood",2020-05-05,"Nilotanypus","L","insect","Aquatic","Diptera","Chironomidae: Tanypodinae","Spring20","3",0.02839914
"Disturbed","Submerged Wood",2020-05-05,"Forcipomyiinae","L","insect","Aquatic","Diptera","Ceratopogonidae","Spring20","1",0
"Disturbed","Submerged Wood",2020-05-05,"Forcipomyiinae","L","insect","Aquatic","Diptera","Ceratopogonidae","Spring20","2",0
"Disturbed","Submerged Wood",2020-05-05,"Forcipomyiinae","L","insect","Aquatic","Diptera","Ceratopogonidae","Spring20","3",0.062902638
"Disturbed","Submerged Wood",2020-05-05,"Lara","L","insect","Aquatic","Coleoptera","Elmidae","Spring20","1",0
"Disturbed","Submerged Wood",2020-05-05,"Lara","L","insect","Aquatic","Coleoptera","Elmidae","Spring20","2",0
"Disturbed","Submerged Wood",2020-05-05,"Lara","L","insect","Aquatic","Coleoptera","Elmidae","Spring20","3",0.292132774
"Disturbed","Submerged Wood",2020-05-05,"Narpus concolor","L","insect","Aquatic","Coleoptera","Elmidae","Spring20","1",0
"Disturbed","Submerged Wood",2020-05-05,"Narpus concolor","L","insect","Aquatic","Coleoptera","Elmidae","Spring20","2",0
"Disturbed","Submerged Wood",2020-05-05,"Narpus concolor","L","insect","Aquatic","Coleoptera","Elmidae","Spring20","3",0.039711375
"Disturbed","Submerged Wood",2020-05-05,"Kogotus/Rickera","L","insect","Aquatic","Plecoptera","Perlodidae","Spring20","1",0
"Disturbed","Submerged Wood",2020-05-05,"Kogotus/Rickera","L","insect","Aquatic","Plecoptera","Perlodidae","Spring20","2",0
"Disturbed","Submerged Wood",2020-05-05,"Kogotus/Rickera","L","insect","Aquatic","Plecoptera","Perlodidae","Spring20","3",2.701147464
