"Taxon","Treatment","Season","Replicate","Biomass"
"Acentrella","Relic Channel","Fall19","1",0
"Acentrella","Relic Channel","Fall19","2",0
"Acentrella","Relic Channel","Fall19","3",0
"Acentrella","Relic Channel","Spring20","1",0
"Acentrella","Relic Channel","Spring20","2",0
"Acentrella","Relic Channel","Spring20","3",0
"Acentrella","Relic Channel","Summer19","1",0
"Acentrella","Relic Channel","Summer19","2",0
"Acentrella","Relic Channel","Summer19","3",0
"Acentrella","Relic Channel","Winter20","1",0
"Acentrella","Relic Channel","Winter20","2",0
"Acentrella","Relic Channel","Winter20","3",0
"Agraylea","Relic Channel","Fall19","1",0
"Agraylea","Relic Channel","Fall19","2",0
"Agraylea","Relic Channel","Fall19","3",0
"Agraylea","Relic Channel","Spring20","1",0
"Agraylea","Relic Channel","Spring20","2",0
"Agraylea","Relic Channel","Spring20","3",0
"Agraylea","Relic Channel","Summer19","1",0
"Agraylea","Relic Channel","Summer19","2",0
"Agraylea","Relic Channel","Summer19","3",0
"Agraylea","Relic Channel","Winter20","1",0
"Agraylea","Relic Channel","Winter20","2",0
"Agraylea","Relic Channel","Winter20","3",0
"Ameletus","Relic Channel","Fall19","1",0
"Ameletus","Relic Channel","Fall19","2",0
"Ameletus","Relic Channel","Fall19","3",0
"Ameletus","Relic Channel","Spring20","1",0
"Ameletus","Relic Channel","Spring20","2",22.12720949
"Ameletus","Relic Channel","Spring20","3",0
"Ameletus","Relic Channel","Summer19","1",0
"Ameletus","Relic Channel","Summer19","2",0
"Ameletus","Relic Channel","Summer19","3",0
"Ameletus","Relic Channel","Winter20","1",0
"Ameletus","Relic Channel","Winter20","2",0
"Ameletus","Relic Channel","Winter20","3",0
"Amiocentrus aspilus","Relic Channel","Fall19","1",0.13035899
"Amiocentrus aspilus","Relic Channel","Fall19","2",0
"Amiocentrus aspilus","Relic Channel","Fall19","3",0
"Amiocentrus aspilus","Relic Channel","Spring20","1",0
"Amiocentrus aspilus","Relic Channel","Spring20","2",0
"Amiocentrus aspilus","Relic Channel","Spring20","3",0
"Amiocentrus aspilus","Relic Channel","Summer19","1",0
"Amiocentrus aspilus","Relic Channel","Summer19","2",0
"Amiocentrus aspilus","Relic Channel","Summer19","3",0
"Amiocentrus aspilus","Relic Channel","Winter20","1",0
"Amiocentrus aspilus","Relic Channel","Winter20","2",0
"Amiocentrus aspilus","Relic Channel","Winter20","3",0
"Amphizoa","Relic Channel","Fall19","1",0.726443381
"Amphizoa","Relic Channel","Fall19","2",0
"Amphizoa","Relic Channel","Fall19","3",0
"Amphizoa","Relic Channel","Spring20","1",0
"Amphizoa","Relic Channel","Spring20","2",0
"Amphizoa","Relic Channel","Spring20","3",0
"Amphizoa","Relic Channel","Summer19","1",0
"Amphizoa","Relic Channel","Summer19","2",0
"Amphizoa","Relic Channel","Summer19","3",0
"Amphizoa","Relic Channel","Winter20","1",0
"Amphizoa","Relic Channel","Winter20","2",0
"Amphizoa","Relic Channel","Winter20","3",0
"Ampumixis dispar","Relic Channel","Fall19","1",0.702442047
"Ampumixis dispar","Relic Channel","Fall19","2",0.210044521
"Ampumixis dispar","Relic Channel","Fall19","3",0
"Ampumixis dispar","Relic Channel","Spring20","1",1.610538851
"Ampumixis dispar","Relic Channel","Spring20","2",0.663349684
"Ampumixis dispar","Relic Channel","Spring20","3",0
"Ampumixis dispar","Relic Channel","Summer19","1",6.122227186
"Ampumixis dispar","Relic Channel","Summer19","2",1.337546538
"Ampumixis dispar","Relic Channel","Summer19","3",0
"Ampumixis dispar","Relic Channel","Winter20","1",0.250293214
"Ampumixis dispar","Relic Channel","Winter20","2",0
"Ampumixis dispar","Relic Channel","Winter20","3",0.278719297
"Anafroptilum","Relic Channel","Fall19","1",0
"Anafroptilum","Relic Channel","Fall19","2",0
"Anafroptilum","Relic Channel","Fall19","3",0
"Anafroptilum","Relic Channel","Spring20","1",0
"Anafroptilum","Relic Channel","Spring20","2",0
"Anafroptilum","Relic Channel","Spring20","3",0
"Anafroptilum","Relic Channel","Summer19","1",0
"Anafroptilum","Relic Channel","Summer19","2",0
"Anafroptilum","Relic Channel","Summer19","3",0
"Anafroptilum","Relic Channel","Winter20","1",0
"Anafroptilum","Relic Channel","Winter20","2",0
"Anafroptilum","Relic Channel","Winter20","3",0
"Antocha","Relic Channel","Fall19","1",0
"Antocha","Relic Channel","Fall19","2",0
"Antocha","Relic Channel","Fall19","3",0
"Antocha","Relic Channel","Spring20","1",0
"Antocha","Relic Channel","Spring20","2",0
"Antocha","Relic Channel","Spring20","3",0
"Antocha","Relic Channel","Summer19","1",0
"Antocha","Relic Channel","Summer19","2",0
"Antocha","Relic Channel","Summer19","3",0
"Antocha","Relic Channel","Winter20","1",0
"Antocha","Relic Channel","Winter20","2",0
"Antocha","Relic Channel","Winter20","3",0.610647798
"Arctopsyche","Relic Channel","Fall19","1",0
"Arctopsyche","Relic Channel","Fall19","2",0
"Arctopsyche","Relic Channel","Fall19","3",0
"Arctopsyche","Relic Channel","Spring20","1",0
"Arctopsyche","Relic Channel","Spring20","2",0
"Arctopsyche","Relic Channel","Spring20","3",0
"Arctopsyche","Relic Channel","Summer19","1",0
"Arctopsyche","Relic Channel","Summer19","2",0
"Arctopsyche","Relic Channel","Summer19","3",0
"Arctopsyche","Relic Channel","Winter20","1",0
"Arctopsyche","Relic Channel","Winter20","2",0
"Arctopsyche","Relic Channel","Winter20","3",0
"Atractides","Relic Channel","Fall19","1",0
"Atractides","Relic Channel","Fall19","2",0
"Atractides","Relic Channel","Fall19","3",0
"Atractides","Relic Channel","Spring20","1",0.114224152
"Atractides","Relic Channel","Spring20","2",0.047135138
"Atractides","Relic Channel","Spring20","3",0
"Atractides","Relic Channel","Summer19","1",0
"Atractides","Relic Channel","Summer19","2",0
"Atractides","Relic Channel","Summer19","3",0
"Atractides","Relic Channel","Winter20","1",0
"Atractides","Relic Channel","Winter20","2",0
"Atractides","Relic Channel","Winter20","3",0
"Attenella delantala","Relic Channel","Fall19","1",0
"Attenella delantala","Relic Channel","Fall19","2",0
"Attenella delantala","Relic Channel","Fall19","3",0
"Attenella delantala","Relic Channel","Spring20","1",0
"Attenella delantala","Relic Channel","Spring20","2",1.767881749
"Attenella delantala","Relic Channel","Spring20","3",0
"Attenella delantala","Relic Channel","Summer19","1",0
"Attenella delantala","Relic Channel","Summer19","2",0
"Attenella delantala","Relic Channel","Summer19","3",0
"Attenella delantala","Relic Channel","Winter20","1",0
"Attenella delantala","Relic Channel","Winter20","2",0
"Attenella delantala","Relic Channel","Winter20","3",0
"Attenella margarita","Relic Channel","Fall19","1",0
"Attenella margarita","Relic Channel","Fall19","2",0
"Attenella margarita","Relic Channel","Fall19","3",0
"Attenella margarita","Relic Channel","Spring20","1",0
"Attenella margarita","Relic Channel","Spring20","2",0
"Attenella margarita","Relic Channel","Spring20","3",0
"Attenella margarita","Relic Channel","Summer19","1",1.644586779
"Attenella margarita","Relic Channel","Summer19","2",0
"Attenella margarita","Relic Channel","Summer19","3",0
"Attenella margarita","Relic Channel","Winter20","1",0
"Attenella margarita","Relic Channel","Winter20","2",0
"Attenella margarita","Relic Channel","Winter20","3",0
"Baetis alius","Relic Channel","Fall19","1",0
"Baetis alius","Relic Channel","Fall19","2",0
"Baetis alius","Relic Channel","Fall19","3",0
"Baetis alius","Relic Channel","Spring20","1",0
"Baetis alius","Relic Channel","Spring20","2",0
"Baetis alius","Relic Channel","Spring20","3",0
"Baetis alius","Relic Channel","Summer19","1",14.64604054
"Baetis alius","Relic Channel","Summer19","2",10.12057594
"Baetis alius","Relic Channel","Summer19","3",35.52550484
"Baetis alius","Relic Channel","Winter20","1",0
"Baetis alius","Relic Channel","Winter20","2",0
"Baetis alius","Relic Channel","Winter20","3",0
"Baetis tricaudatus complex","Relic Channel","Fall19","1",8.062399559
"Baetis tricaudatus complex","Relic Channel","Fall19","2",10.56079746
"Baetis tricaudatus complex","Relic Channel","Fall19","3",15.02667058
"Baetis tricaudatus complex","Relic Channel","Spring20","1",117.7012698
"Baetis tricaudatus complex","Relic Channel","Spring20","2",41.52222764
"Baetis tricaudatus complex","Relic Channel","Spring20","3",0
"Baetis tricaudatus complex","Relic Channel","Summer19","1",4.186420862
"Baetis tricaudatus complex","Relic Channel","Summer19","2",11.43997197
"Baetis tricaudatus complex","Relic Channel","Summer19","3",31.80229286
"Baetis tricaudatus complex","Relic Channel","Winter20","1",50.31220308
"Baetis tricaudatus complex","Relic Channel","Winter20","2",35.86260778
"Baetis tricaudatus complex","Relic Channel","Winter20","3",135.5008425
"Boreoheptagyia","Relic Channel","Fall19","1",0
"Boreoheptagyia","Relic Channel","Fall19","2",0
"Boreoheptagyia","Relic Channel","Fall19","3",0
"Boreoheptagyia","Relic Channel","Spring20","1",0
"Boreoheptagyia","Relic Channel","Spring20","2",0
"Boreoheptagyia","Relic Channel","Spring20","3",0
"Boreoheptagyia","Relic Channel","Summer19","1",0
"Boreoheptagyia","Relic Channel","Summer19","2",0
"Boreoheptagyia","Relic Channel","Summer19","3",0
"Boreoheptagyia","Relic Channel","Winter20","1",0
"Boreoheptagyia","Relic Channel","Winter20","2",0
"Boreoheptagyia","Relic Channel","Winter20","3",0
"Brachycentrus americanus","Relic Channel","Fall19","1",0.11475892
"Brachycentrus americanus","Relic Channel","Fall19","2",0
"Brachycentrus americanus","Relic Channel","Fall19","3",0.045404903
"Brachycentrus americanus","Relic Channel","Spring20","1",1.333273879
"Brachycentrus americanus","Relic Channel","Spring20","2",0
"Brachycentrus americanus","Relic Channel","Spring20","3",0
"Brachycentrus americanus","Relic Channel","Summer19","1",0
"Brachycentrus americanus","Relic Channel","Summer19","2",11.57861144
"Brachycentrus americanus","Relic Channel","Summer19","3",114.2940003
"Brachycentrus americanus","Relic Channel","Winter20","1",0.17570676
"Brachycentrus americanus","Relic Channel","Winter20","2",0.510015906
"Brachycentrus americanus","Relic Channel","Winter20","3",0
"Brachycentrus occidentalis","Relic Channel","Fall19","1",0
"Brachycentrus occidentalis","Relic Channel","Fall19","2",0
"Brachycentrus occidentalis","Relic Channel","Fall19","3",0
"Brachycentrus occidentalis","Relic Channel","Spring20","1",0
"Brachycentrus occidentalis","Relic Channel","Spring20","2",0
"Brachycentrus occidentalis","Relic Channel","Spring20","3",0
"Brachycentrus occidentalis","Relic Channel","Summer19","1",0
"Brachycentrus occidentalis","Relic Channel","Summer19","2",0
"Brachycentrus occidentalis","Relic Channel","Summer19","3",0
"Brachycentrus occidentalis","Relic Channel","Winter20","1",0
"Brachycentrus occidentalis","Relic Channel","Winter20","2",0
"Brachycentrus occidentalis","Relic Channel","Winter20","3",0
"Brillia","Relic Channel","Fall19","1",0.436481428
"Brillia","Relic Channel","Fall19","2",0
"Brillia","Relic Channel","Fall19","3",0
"Brillia","Relic Channel","Spring20","1",3.35496297
"Brillia","Relic Channel","Spring20","2",0.492692476
"Brillia","Relic Channel","Spring20","3",0
"Brillia","Relic Channel","Summer19","1",1.774821757
"Brillia","Relic Channel","Summer19","2",1.360832159
"Brillia","Relic Channel","Summer19","3",7.107346443
"Brillia","Relic Channel","Winter20","1",0.068720736
"Brillia","Relic Channel","Winter20","2",0.416537951
"Brillia","Relic Channel","Winter20","3",0.621937821
"Capniidae","Relic Channel","Fall19","1",0.13655173
"Capniidae","Relic Channel","Fall19","2",0.20268186
"Capniidae","Relic Channel","Fall19","3",0
"Capniidae","Relic Channel","Spring20","1",0
"Capniidae","Relic Channel","Spring20","2",0
"Capniidae","Relic Channel","Spring20","3",0
"Capniidae","Relic Channel","Summer19","1",0
"Capniidae","Relic Channel","Summer19","2",0
"Capniidae","Relic Channel","Summer19","3",0
"Capniidae","Relic Channel","Winter20","1",0
"Capniidae","Relic Channel","Winter20","2",0
"Capniidae","Relic Channel","Winter20","3",0
"Caudatella","Relic Channel","Fall19","1",0
"Caudatella","Relic Channel","Fall19","2",0
"Caudatella","Relic Channel","Fall19","3",0
"Caudatella","Relic Channel","Spring20","1",0
"Caudatella","Relic Channel","Spring20","2",0
"Caudatella","Relic Channel","Spring20","3",0
"Caudatella","Relic Channel","Summer19","1",0
"Caudatella","Relic Channel","Summer19","2",0
"Caudatella","Relic Channel","Summer19","3",0
"Caudatella","Relic Channel","Winter20","1",0
"Caudatella","Relic Channel","Winter20","2",0
"Caudatella","Relic Channel","Winter20","3",0
"Caudatella columbiella","Relic Channel","Fall19","1",0
"Caudatella columbiella","Relic Channel","Fall19","2",0
"Caudatella columbiella","Relic Channel","Fall19","3",0
"Caudatella columbiella","Relic Channel","Spring20","1",0
"Caudatella columbiella","Relic Channel","Spring20","2",0
"Caudatella columbiella","Relic Channel","Spring20","3",0
"Caudatella columbiella","Relic Channel","Summer19","1",0
"Caudatella columbiella","Relic Channel","Summer19","2",0
"Caudatella columbiella","Relic Channel","Summer19","3",0
"Caudatella columbiella","Relic Channel","Winter20","1",0.325596617
"Caudatella columbiella","Relic Channel","Winter20","2",0.150205857
"Caudatella columbiella","Relic Channel","Winter20","3",0.158208
"Caudatella edmundsi","Relic Channel","Fall19","1",0.220827312
"Caudatella edmundsi","Relic Channel","Fall19","2",0
"Caudatella edmundsi","Relic Channel","Fall19","3",0
"Caudatella edmundsi","Relic Channel","Spring20","1",0
"Caudatella edmundsi","Relic Channel","Spring20","2",0
"Caudatella edmundsi","Relic Channel","Spring20","3",0
"Caudatella edmundsi","Relic Channel","Summer19","1",0
"Caudatella edmundsi","Relic Channel","Summer19","2",0
"Caudatella edmundsi","Relic Channel","Summer19","3",0
"Caudatella edmundsi","Relic Channel","Winter20","1",2.149493987
"Caudatella edmundsi","Relic Channel","Winter20","2",1.272407788
"Caudatella edmundsi","Relic Channel","Winter20","3",9.17725234
"Caudatella heterocaudata","Relic Channel","Fall19","1",0
"Caudatella heterocaudata","Relic Channel","Fall19","2",0
"Caudatella heterocaudata","Relic Channel","Fall19","3",0
"Caudatella heterocaudata","Relic Channel","Spring20","1",0
"Caudatella heterocaudata","Relic Channel","Spring20","2",0
"Caudatella heterocaudata","Relic Channel","Spring20","3",0
"Caudatella heterocaudata","Relic Channel","Summer19","1",0
"Caudatella heterocaudata","Relic Channel","Summer19","2",0
"Caudatella heterocaudata","Relic Channel","Summer19","3",0
"Caudatella heterocaudata","Relic Channel","Winter20","1",0
"Caudatella heterocaudata","Relic Channel","Winter20","2",0
"Caudatella heterocaudata","Relic Channel","Winter20","3",0
"Caudatella hystrix","Relic Channel","Fall19","1",0.65066908
"Caudatella hystrix","Relic Channel","Fall19","2",0.545191369
"Caudatella hystrix","Relic Channel","Fall19","3",0.199729014
"Caudatella hystrix","Relic Channel","Spring20","1",4.489753535
"Caudatella hystrix","Relic Channel","Spring20","2",3.140769399
"Caudatella hystrix","Relic Channel","Spring20","3",0
"Caudatella hystrix","Relic Channel","Summer19","1",0
"Caudatella hystrix","Relic Channel","Summer19","2",0
"Caudatella hystrix","Relic Channel","Summer19","3",0
"Caudatella hystrix","Relic Channel","Winter20","1",0
"Caudatella hystrix","Relic Channel","Winter20","2",0.99600142
"Caudatella hystrix","Relic Channel","Winter20","3",2.153871166
"Ceratopogoninae","Relic Channel","Fall19","1",0
"Ceratopogoninae","Relic Channel","Fall19","2",0
"Ceratopogoninae","Relic Channel","Fall19","3",0
"Ceratopogoninae","Relic Channel","Spring20","1",0
"Ceratopogoninae","Relic Channel","Spring20","2",0
"Ceratopogoninae","Relic Channel","Spring20","3",0
"Ceratopogoninae","Relic Channel","Summer19","1",0
"Ceratopogoninae","Relic Channel","Summer19","2",0
"Ceratopogoninae","Relic Channel","Summer19","3",0
"Ceratopogoninae","Relic Channel","Winter20","1",0
"Ceratopogoninae","Relic Channel","Winter20","2",0
"Ceratopogoninae","Relic Channel","Winter20","3",0.680717492
"Chaetocladius","Relic Channel","Fall19","1",0
"Chaetocladius","Relic Channel","Fall19","2",0
"Chaetocladius","Relic Channel","Fall19","3",0
"Chaetocladius","Relic Channel","Spring20","1",0
"Chaetocladius","Relic Channel","Spring20","2",0
"Chaetocladius","Relic Channel","Spring20","3",0
"Chaetocladius","Relic Channel","Summer19","1",0
"Chaetocladius","Relic Channel","Summer19","2",0
"Chaetocladius","Relic Channel","Summer19","3",0
"Chaetocladius","Relic Channel","Winter20","1",0
"Chaetocladius","Relic Channel","Winter20","2",0.156597316
"Chaetocladius","Relic Channel","Winter20","3",0
"Chaoborus","Relic Channel","Fall19","1",0
"Chaoborus","Relic Channel","Fall19","2",0
"Chaoborus","Relic Channel","Fall19","3",0
"Chaoborus","Relic Channel","Spring20","1",0
"Chaoborus","Relic Channel","Spring20","2",0
"Chaoborus","Relic Channel","Spring20","3",0
"Chaoborus","Relic Channel","Summer19","1",0
"Chaoborus","Relic Channel","Summer19","2",0
"Chaoborus","Relic Channel","Summer19","3",0
"Chaoborus","Relic Channel","Winter20","1",0
"Chaoborus","Relic Channel","Winter20","2",0
"Chaoborus","Relic Channel","Winter20","3",0
"Chelifera/Metachela","Relic Channel","Fall19","1",0
"Chelifera/Metachela","Relic Channel","Fall19","2",0
"Chelifera/Metachela","Relic Channel","Fall19","3",0
"Chelifera/Metachela","Relic Channel","Spring20","1",0
"Chelifera/Metachela","Relic Channel","Spring20","2",0
"Chelifera/Metachela","Relic Channel","Spring20","3",0
"Chelifera/Metachela","Relic Channel","Summer19","1",0
"Chelifera/Metachela","Relic Channel","Summer19","2",0
"Chelifera/Metachela","Relic Channel","Summer19","3",0
"Chelifera/Metachela","Relic Channel","Winter20","1",0
"Chelifera/Metachela","Relic Channel","Winter20","2",0
"Chelifera/Metachela","Relic Channel","Winter20","3",0
"Chironomidae","Relic Channel","Fall19","1",0.008686
"Chironomidae","Relic Channel","Fall19","2",0.053286267
"Chironomidae","Relic Channel","Fall19","3",0.018441
"Chironomidae","Relic Channel","Spring20","1",0.197213289
"Chironomidae","Relic Channel","Spring20","2",0.137861752
"Chironomidae","Relic Channel","Spring20","3",0
"Chironomidae","Relic Channel","Summer19","1",2.598261039
"Chironomidae","Relic Channel","Summer19","2",0.739830914
"Chironomidae","Relic Channel","Summer19","3",3.245201723
"Chironomidae","Relic Channel","Winter20","1",0
"Chironomidae","Relic Channel","Winter20","2",0
"Chironomidae","Relic Channel","Winter20","3",0.326737352
"Cinygma","Relic Channel","Fall19","1",0.449880331
"Cinygma","Relic Channel","Fall19","2",0
"Cinygma","Relic Channel","Fall19","3",0.449880331
"Cinygma","Relic Channel","Spring20","1",51.49792712
"Cinygma","Relic Channel","Spring20","2",3.034824729
"Cinygma","Relic Channel","Spring20","3",0
"Cinygma","Relic Channel","Summer19","1",0
"Cinygma","Relic Channel","Summer19","2",0
"Cinygma","Relic Channel","Summer19","3",0
"Cinygma","Relic Channel","Winter20","1",0
"Cinygma","Relic Channel","Winter20","2",0
"Cinygma","Relic Channel","Winter20","3",7.686387233
"Cinygmula","Relic Channel","Fall19","1",0.09018
"Cinygmula","Relic Channel","Fall19","2",0.773349496
"Cinygmula","Relic Channel","Fall19","3",0.018036
"Cinygmula","Relic Channel","Spring20","1",11.27335787
"Cinygmula","Relic Channel","Spring20","2",1.572505255
"Cinygmula","Relic Channel","Spring20","3",0
"Cinygmula","Relic Channel","Summer19","1",0
"Cinygmula","Relic Channel","Summer19","2",0
"Cinygmula","Relic Channel","Summer19","3",0
"Cinygmula","Relic Channel","Winter20","1",2.37842206
"Cinygmula","Relic Channel","Winter20","2",0.651472441
"Cinygmula","Relic Channel","Winter20","3",3.22925538
"Cladotanytarsus","Relic Channel","Fall19","1",0
"Cladotanytarsus","Relic Channel","Fall19","2",0
"Cladotanytarsus","Relic Channel","Fall19","3",0.036882001
"Cladotanytarsus","Relic Channel","Spring20","1",0
"Cladotanytarsus","Relic Channel","Spring20","2",0
"Cladotanytarsus","Relic Channel","Spring20","3",0
"Cladotanytarsus","Relic Channel","Summer19","1",0.0295056
"Cladotanytarsus","Relic Channel","Summer19","2",0
"Cladotanytarsus","Relic Channel","Summer19","3",0
"Cladotanytarsus","Relic Channel","Winter20","1",0.017668024
"Cladotanytarsus","Relic Channel","Winter20","2",0
"Cladotanytarsus","Relic Channel","Winter20","3",0
"Cleptelmis addenda","Relic Channel","Fall19","1",0
"Cleptelmis addenda","Relic Channel","Fall19","2",0.595583887
"Cleptelmis addenda","Relic Channel","Fall19","3",0
"Cleptelmis addenda","Relic Channel","Spring20","1",0
"Cleptelmis addenda","Relic Channel","Spring20","2",0.455323526
"Cleptelmis addenda","Relic Channel","Spring20","3",0
"Cleptelmis addenda","Relic Channel","Summer19","1",0
"Cleptelmis addenda","Relic Channel","Summer19","2",0
"Cleptelmis addenda","Relic Channel","Summer19","3",0
"Cleptelmis addenda","Relic Channel","Winter20","1",0
"Cleptelmis addenda","Relic Channel","Winter20","2",0
"Cleptelmis addenda","Relic Channel","Winter20","3",0
"Clinocera","Relic Channel","Fall19","1",0
"Clinocera","Relic Channel","Fall19","2",0
"Clinocera","Relic Channel","Fall19","3",0
"Clinocera","Relic Channel","Spring20","1",0
"Clinocera","Relic Channel","Spring20","2",0
"Clinocera","Relic Channel","Spring20","3",0
"Clinocera","Relic Channel","Summer19","1",0.499015283
"Clinocera","Relic Channel","Summer19","2",0.481633866
"Clinocera","Relic Channel","Summer19","3",10.29819935
"Clinocera","Relic Channel","Winter20","1",0
"Clinocera","Relic Channel","Winter20","2",0
"Clinocera","Relic Channel","Winter20","3",0
"Corynoneura","Relic Channel","Fall19","1",0
"Corynoneura","Relic Channel","Fall19","2",0.018441
"Corynoneura","Relic Channel","Fall19","3",0
"Corynoneura","Relic Channel","Spring20","1",0.268132144
"Corynoneura","Relic Channel","Spring20","2",0.018441
"Corynoneura","Relic Channel","Spring20","3",0
"Corynoneura","Relic Channel","Summer19","1",0
"Corynoneura","Relic Channel","Summer19","2",0
"Corynoneura","Relic Channel","Summer19","3",0
"Corynoneura","Relic Channel","Winter20","1",0
"Corynoneura","Relic Channel","Winter20","2",0
"Corynoneura","Relic Channel","Winter20","3",0
"Cricotopus (Nostococladius)","Relic Channel","Fall19","1",0
"Cricotopus (Nostococladius)","Relic Channel","Fall19","2",0
"Cricotopus (Nostococladius)","Relic Channel","Fall19","3",0
"Cricotopus (Nostococladius)","Relic Channel","Spring20","1",0
"Cricotopus (Nostococladius)","Relic Channel","Spring20","2",0
"Cricotopus (Nostococladius)","Relic Channel","Spring20","3",0
"Cricotopus (Nostococladius)","Relic Channel","Summer19","1",0
"Cricotopus (Nostococladius)","Relic Channel","Summer19","2",0
"Cricotopus (Nostococladius)","Relic Channel","Summer19","3",0.286909071
"Cricotopus (Nostococladius)","Relic Channel","Winter20","1",0.03168119
"Cricotopus (Nostococladius)","Relic Channel","Winter20","2",0
"Cricotopus (Nostococladius)","Relic Channel","Winter20","3",0
"Cryptochironomus","Relic Channel","Fall19","1",0.018441
"Cryptochironomus","Relic Channel","Fall19","2",0
"Cryptochironomus","Relic Channel","Fall19","3",0
"Cryptochironomus","Relic Channel","Spring20","1",0
"Cryptochironomus","Relic Channel","Spring20","2",0
"Cryptochironomus","Relic Channel","Spring20","3",0
"Cryptochironomus","Relic Channel","Summer19","1",0
"Cryptochironomus","Relic Channel","Summer19","2",0
"Cryptochironomus","Relic Channel","Summer19","3",0
"Cryptochironomus","Relic Channel","Winter20","1",0
"Cryptochironomus","Relic Channel","Winter20","2",0
"Cryptochironomus","Relic Channel","Winter20","3",0
"Cultus","Relic Channel","Fall19","1",0
"Cultus","Relic Channel","Fall19","2",0
"Cultus","Relic Channel","Fall19","3",0
"Cultus","Relic Channel","Spring20","1",0
"Cultus","Relic Channel","Spring20","2",0
"Cultus","Relic Channel","Spring20","3",0
"Cultus","Relic Channel","Summer19","1",0
"Cultus","Relic Channel","Summer19","2",0
"Cultus","Relic Channel","Summer19","3",0
"Cultus","Relic Channel","Winter20","1",3.991464926
"Cultus","Relic Channel","Winter20","2",0
"Cultus","Relic Channel","Winter20","3",27.87762688
"Dasyhelea","Relic Channel","Fall19","1",0
"Dasyhelea","Relic Channel","Fall19","2",0
"Dasyhelea","Relic Channel","Fall19","3",0
"Dasyhelea","Relic Channel","Spring20","1",0
"Dasyhelea","Relic Channel","Spring20","2",0
"Dasyhelea","Relic Channel","Spring20","3",0
"Dasyhelea","Relic Channel","Summer19","1",0
"Dasyhelea","Relic Channel","Summer19","2",0
"Dasyhelea","Relic Channel","Summer19","3",0
"Dasyhelea","Relic Channel","Winter20","1",0
"Dasyhelea","Relic Channel","Winter20","2",0
"Dasyhelea","Relic Channel","Winter20","3",0
"Diamesa","Relic Channel","Fall19","1",0
"Diamesa","Relic Channel","Fall19","2",0
"Diamesa","Relic Channel","Fall19","3",0
"Diamesa","Relic Channel","Spring20","1",0
"Diamesa","Relic Channel","Spring20","2",0
"Diamesa","Relic Channel","Spring20","3",0
"Diamesa","Relic Channel","Summer19","1",0
"Diamesa","Relic Channel","Summer19","2",0
"Diamesa","Relic Channel","Summer19","3",0
"Diamesa","Relic Channel","Winter20","1",0
"Diamesa","Relic Channel","Winter20","2",0
"Diamesa","Relic Channel","Winter20","3",0
"Dicosmoecus gilvipes","Relic Channel","Fall19","1",0
"Dicosmoecus gilvipes","Relic Channel","Fall19","2",0
"Dicosmoecus gilvipes","Relic Channel","Fall19","3",0
"Dicosmoecus gilvipes","Relic Channel","Spring20","1",0
"Dicosmoecus gilvipes","Relic Channel","Spring20","2",0
"Dicosmoecus gilvipes","Relic Channel","Spring20","3",0
"Dicosmoecus gilvipes","Relic Channel","Summer19","1",0
"Dicosmoecus gilvipes","Relic Channel","Summer19","2",168.2536536
"Dicosmoecus gilvipes","Relic Channel","Summer19","3",0
"Dicosmoecus gilvipes","Relic Channel","Winter20","1",0
"Dicosmoecus gilvipes","Relic Channel","Winter20","2",0
"Dicosmoecus gilvipes","Relic Channel","Winter20","3",0
"Dicranomyia","Relic Channel","Fall19","1",0
"Dicranomyia","Relic Channel","Fall19","2",0
"Dicranomyia","Relic Channel","Fall19","3",0
"Dicranomyia","Relic Channel","Spring20","1",0
"Dicranomyia","Relic Channel","Spring20","2",0
"Dicranomyia","Relic Channel","Spring20","3",0
"Dicranomyia","Relic Channel","Summer19","1",0.090388174
"Dicranomyia","Relic Channel","Summer19","2",0
"Dicranomyia","Relic Channel","Summer19","3",0
"Dicranomyia","Relic Channel","Winter20","1",0
"Dicranomyia","Relic Channel","Winter20","2",0
"Dicranomyia","Relic Channel","Winter20","3",0
"Dicranota","Relic Channel","Fall19","1",0
"Dicranota","Relic Channel","Fall19","2",0
"Dicranota","Relic Channel","Fall19","3",0
"Dicranota","Relic Channel","Spring20","1",0
"Dicranota","Relic Channel","Spring20","2",0.092103589
"Dicranota","Relic Channel","Spring20","3",0
"Dicranota","Relic Channel","Summer19","1",0
"Dicranota","Relic Channel","Summer19","2",0
"Dicranota","Relic Channel","Summer19","3",0
"Dicranota","Relic Channel","Winter20","1",0
"Dicranota","Relic Channel","Winter20","2",0.04412148
"Dicranota","Relic Channel","Winter20","3",0
"Diphetor hageni","Relic Channel","Fall19","1",0.592626948
"Diphetor hageni","Relic Channel","Fall19","2",0.709895984
"Diphetor hageni","Relic Channel","Fall19","3",0.567916787
"Diphetor hageni","Relic Channel","Spring20","1",141.019109
"Diphetor hageni","Relic Channel","Spring20","2",30.96514372
"Diphetor hageni","Relic Channel","Spring20","3",0
"Diphetor hageni","Relic Channel","Summer19","1",0
"Diphetor hageni","Relic Channel","Summer19","2",0
"Diphetor hageni","Relic Channel","Summer19","3",0
"Diphetor hageni","Relic Channel","Winter20","1",1.520057531
"Diphetor hageni","Relic Channel","Winter20","2",0.291551859
"Diphetor hageni","Relic Channel","Winter20","3",3.843876462
"Dixa","Relic Channel","Fall19","1",0.079765492
"Dixa","Relic Channel","Fall19","2",0.11313057
"Dixa","Relic Channel","Fall19","3",0
"Dixa","Relic Channel","Spring20","1",0
"Dixa","Relic Channel","Spring20","2",0
"Dixa","Relic Channel","Spring20","3",0
"Dixa","Relic Channel","Summer19","1",0
"Dixa","Relic Channel","Summer19","2",0
"Dixa","Relic Channel","Summer19","3",0
"Dixa","Relic Channel","Winter20","1",0
"Dixa","Relic Channel","Winter20","2",0
"Dixa","Relic Channel","Winter20","3",0
"Dolichopodidae","Relic Channel","Fall19","1",0
"Dolichopodidae","Relic Channel","Fall19","2",0
"Dolichopodidae","Relic Channel","Fall19","3",0
"Dolichopodidae","Relic Channel","Spring20","1",0
"Dolichopodidae","Relic Channel","Spring20","2",0
"Dolichopodidae","Relic Channel","Spring20","3",0
"Dolichopodidae","Relic Channel","Summer19","1",1.01450568
"Dolichopodidae","Relic Channel","Summer19","2",0
"Dolichopodidae","Relic Channel","Summer19","3",0
"Dolichopodidae","Relic Channel","Winter20","1",0
"Dolichopodidae","Relic Channel","Winter20","2",0
"Dolichopodidae","Relic Channel","Winter20","3",0
"Drunella coloradensis/flavilinea","Relic Channel","Fall19","1",0
"Drunella coloradensis/flavilinea","Relic Channel","Fall19","2",0.242072528
"Drunella coloradensis/flavilinea","Relic Channel","Fall19","3",0
"Drunella coloradensis/flavilinea","Relic Channel","Spring20","1",0
"Drunella coloradensis/flavilinea","Relic Channel","Spring20","2",0
"Drunella coloradensis/flavilinea","Relic Channel","Spring20","3",0
"Drunella coloradensis/flavilinea","Relic Channel","Summer19","1",2.663847082
"Drunella coloradensis/flavilinea","Relic Channel","Summer19","2",0.075568796
"Drunella coloradensis/flavilinea","Relic Channel","Summer19","3",0
"Drunella coloradensis/flavilinea","Relic Channel","Winter20","1",0
"Drunella coloradensis/flavilinea","Relic Channel","Winter20","2",0
"Drunella coloradensis/flavilinea","Relic Channel","Winter20","3",0
"Drunella flavilinea","Relic Channel","Fall19","1",0
"Drunella flavilinea","Relic Channel","Fall19","2",0
"Drunella flavilinea","Relic Channel","Fall19","3",0
"Drunella flavilinea","Relic Channel","Spring20","1",28.29899602
"Drunella flavilinea","Relic Channel","Spring20","2",4.291505336
"Drunella flavilinea","Relic Channel","Spring20","3",0
"Drunella flavilinea","Relic Channel","Summer19","1",0
"Drunella flavilinea","Relic Channel","Summer19","2",0
"Drunella flavilinea","Relic Channel","Summer19","3",0
"Drunella flavilinea","Relic Channel","Winter20","1",3.124670647
"Drunella flavilinea","Relic Channel","Winter20","2",1.309376027
"Drunella flavilinea","Relic Channel","Winter20","3",1.599423023
"Drunella grandis/spinifera","Relic Channel","Fall19","1",0
"Drunella grandis/spinifera","Relic Channel","Fall19","2",0
"Drunella grandis/spinifera","Relic Channel","Fall19","3",0
"Drunella grandis/spinifera","Relic Channel","Spring20","1",0
"Drunella grandis/spinifera","Relic Channel","Spring20","2",0
"Drunella grandis/spinifera","Relic Channel","Spring20","3",0
"Drunella grandis/spinifera","Relic Channel","Summer19","1",0.041294842
"Drunella grandis/spinifera","Relic Channel","Summer19","2",57.42321413
"Drunella grandis/spinifera","Relic Channel","Summer19","3",0
"Drunella grandis/spinifera","Relic Channel","Winter20","1",0
"Drunella grandis/spinifera","Relic Channel","Winter20","2",0
"Drunella grandis/spinifera","Relic Channel","Winter20","3",0
"Empididae","Relic Channel","Fall19","1",0
"Empididae","Relic Channel","Fall19","2",0
"Empididae","Relic Channel","Fall19","3",0.307577788
"Empididae","Relic Channel","Spring20","1",0
"Empididae","Relic Channel","Spring20","2",0
"Empididae","Relic Channel","Spring20","3",0
"Empididae","Relic Channel","Summer19","1",0
"Empididae","Relic Channel","Summer19","2",0
"Empididae","Relic Channel","Summer19","3",0
"Empididae","Relic Channel","Winter20","1",0
"Empididae","Relic Channel","Winter20","2",0
"Empididae","Relic Channel","Winter20","3",0
"Epeorus","Relic Channel","Fall19","1",0.16429378
"Epeorus","Relic Channel","Fall19","2",0.018036
"Epeorus","Relic Channel","Fall19","3",0.018036
"Epeorus","Relic Channel","Spring20","1",0
"Epeorus","Relic Channel","Spring20","2",0
"Epeorus","Relic Channel","Spring20","3",0
"Epeorus","Relic Channel","Summer19","1",0
"Epeorus","Relic Channel","Summer19","2",0
"Epeorus","Relic Channel","Summer19","3",0
"Epeorus","Relic Channel","Winter20","1",0.221191876
"Epeorus","Relic Channel","Winter20","2",0
"Epeorus","Relic Channel","Winter20","3",0.055296
"Epeorus albertae group","Relic Channel","Fall19","1",0
"Epeorus albertae group","Relic Channel","Fall19","2",0
"Epeorus albertae group","Relic Channel","Fall19","3",0
"Epeorus albertae group","Relic Channel","Spring20","1",0
"Epeorus albertae group","Relic Channel","Spring20","2",0
"Epeorus albertae group","Relic Channel","Spring20","3",0
"Epeorus albertae group","Relic Channel","Summer19","1",0
"Epeorus albertae group","Relic Channel","Summer19","2",0
"Epeorus albertae group","Relic Channel","Summer19","3",0
"Epeorus albertae group","Relic Channel","Winter20","1",0
"Epeorus albertae group","Relic Channel","Winter20","2",0
"Epeorus albertae group","Relic Channel","Winter20","3",0
"Epeorus longimanus","Relic Channel","Fall19","1",0
"Epeorus longimanus","Relic Channel","Fall19","2",0
"Epeorus longimanus","Relic Channel","Fall19","3",0
"Epeorus longimanus","Relic Channel","Spring20","1",77.48768623
"Epeorus longimanus","Relic Channel","Spring20","2",0
"Epeorus longimanus","Relic Channel","Spring20","3",0
"Epeorus longimanus","Relic Channel","Summer19","1",0
"Epeorus longimanus","Relic Channel","Summer19","2",3.833012441
"Epeorus longimanus","Relic Channel","Summer19","3",0
"Epeorus longimanus","Relic Channel","Winter20","1",0
"Epeorus longimanus","Relic Channel","Winter20","2",0
"Epeorus longimanus","Relic Channel","Winter20","3",0
"Ephemerella excrucians group","Relic Channel","Fall19","1",2.851856348
"Ephemerella excrucians group","Relic Channel","Fall19","2",1.92057643
"Ephemerella excrucians group","Relic Channel","Fall19","3",5.691531136
"Ephemerella excrucians group","Relic Channel","Spring20","1",50.88543822
"Ephemerella excrucians group","Relic Channel","Spring20","2",14.25929212
"Ephemerella excrucians group","Relic Channel","Spring20","3",0
"Ephemerella excrucians group","Relic Channel","Summer19","1",0.594774618
"Ephemerella excrucians group","Relic Channel","Summer19","2",0
"Ephemerella excrucians group","Relic Channel","Summer19","3",0
"Ephemerella excrucians group","Relic Channel","Winter20","1",2.026368467
"Ephemerella excrucians group","Relic Channel","Winter20","2",1.381521989
"Ephemerella excrucians group","Relic Channel","Winter20","3",21.29258064
"Ephemerella tibialis","Relic Channel","Fall19","1",0
"Ephemerella tibialis","Relic Channel","Fall19","2",6.244454042
"Ephemerella tibialis","Relic Channel","Fall19","3",0
"Ephemerella tibialis","Relic Channel","Spring20","1",2.722450914
"Ephemerella tibialis","Relic Channel","Spring20","2",0.487196835
"Ephemerella tibialis","Relic Channel","Spring20","3",0
"Ephemerella tibialis","Relic Channel","Summer19","1",16.2065052
"Ephemerella tibialis","Relic Channel","Summer19","2",3.639908916
"Ephemerella tibialis","Relic Channel","Summer19","3",7.025376002
"Ephemerella tibialis","Relic Channel","Winter20","1",0
"Ephemerella tibialis","Relic Channel","Winter20","2",0
"Ephemerella tibialis","Relic Channel","Winter20","3",0
"Eukiefferiella brehmi group","Relic Channel","Fall19","1",0
"Eukiefferiella brehmi group","Relic Channel","Fall19","2",0
"Eukiefferiella brehmi group","Relic Channel","Fall19","3",0
"Eukiefferiella brehmi group","Relic Channel","Spring20","1",0
"Eukiefferiella brehmi group","Relic Channel","Spring20","2",0.106572535
"Eukiefferiella brehmi group","Relic Channel","Spring20","3",0
"Eukiefferiella brehmi group","Relic Channel","Summer19","1",0.259032857
"Eukiefferiella brehmi group","Relic Channel","Summer19","2",0.312044382
"Eukiefferiella brehmi group","Relic Channel","Summer19","3",0
"Eukiefferiella brehmi group","Relic Channel","Winter20","1",0
"Eukiefferiella brehmi group","Relic Channel","Winter20","2",0.034360368
"Eukiefferiella brehmi group","Relic Channel","Winter20","3",0.113075355
"Eukiefferiella claripennis group","Relic Channel","Fall19","1",0.159858802
"Eukiefferiella claripennis group","Relic Channel","Fall19","2",0
"Eukiefferiella claripennis group","Relic Channel","Fall19","3",0.053286267
"Eukiefferiella claripennis group","Relic Channel","Spring20","1",0.387391164
"Eukiefferiella claripennis group","Relic Channel","Spring20","2",0
"Eukiefferiella claripennis group","Relic Channel","Spring20","3",0
"Eukiefferiella claripennis group","Relic Channel","Summer19","1",0.495794196
"Eukiefferiella claripennis group","Relic Channel","Summer19","2",0.42003488
"Eukiefferiella claripennis group","Relic Channel","Summer19","3",0
"Eukiefferiella claripennis group","Relic Channel","Winter20","1",0
"Eukiefferiella claripennis group","Relic Channel","Winter20","2",0
"Eukiefferiella claripennis group","Relic Channel","Winter20","3",0
"Eukiefferiella devonica group","Relic Channel","Fall19","1",0
"Eukiefferiella devonica group","Relic Channel","Fall19","2",0
"Eukiefferiella devonica group","Relic Channel","Fall19","3",0
"Eukiefferiella devonica group","Relic Channel","Spring20","1",0
"Eukiefferiella devonica group","Relic Channel","Spring20","2",0
"Eukiefferiella devonica group","Relic Channel","Spring20","3",0
"Eukiefferiella devonica group","Relic Channel","Summer19","1",0
"Eukiefferiella devonica group","Relic Channel","Summer19","2",0
"Eukiefferiella devonica group","Relic Channel","Summer19","3",1.061705206
"Eukiefferiella devonica group","Relic Channel","Winter20","1",0
"Eukiefferiella devonica group","Relic Channel","Winter20","2",0
"Eukiefferiella devonica group","Relic Channel","Winter20","3",0
"Eukiefferiella pseudomontana group","Relic Channel","Fall19","1",0
"Eukiefferiella pseudomontana group","Relic Channel","Fall19","2",0
"Eukiefferiella pseudomontana group","Relic Channel","Fall19","3",0
"Eukiefferiella pseudomontana group","Relic Channel","Spring20","1",0
"Eukiefferiella pseudomontana group","Relic Channel","Spring20","2",0
"Eukiefferiella pseudomontana group","Relic Channel","Spring20","3",0
"Eukiefferiella pseudomontana group","Relic Channel","Summer19","1",0
"Eukiefferiella pseudomontana group","Relic Channel","Summer19","2",0
"Eukiefferiella pseudomontana group","Relic Channel","Summer19","3",0.932282985
"Eukiefferiella pseudomontana group","Relic Channel","Winter20","1",0
"Eukiefferiella pseudomontana group","Relic Channel","Winter20","2",0
"Eukiefferiella pseudomontana group","Relic Channel","Winter20","3",0
"Forcipomyiinae","Relic Channel","Fall19","1",0
"Forcipomyiinae","Relic Channel","Fall19","2",0
"Forcipomyiinae","Relic Channel","Fall19","3",0
"Forcipomyiinae","Relic Channel","Spring20","1",0
"Forcipomyiinae","Relic Channel","Spring20","2",0
"Forcipomyiinae","Relic Channel","Spring20","3",0
"Forcipomyiinae","Relic Channel","Summer19","1",0
"Forcipomyiinae","Relic Channel","Summer19","2",0
"Forcipomyiinae","Relic Channel","Summer19","3",0
"Forcipomyiinae","Relic Channel","Winter20","1",0
"Forcipomyiinae","Relic Channel","Winter20","2",0
"Forcipomyiinae","Relic Channel","Winter20","3",0
"Glossosoma","Relic Channel","Fall19","1",0
"Glossosoma","Relic Channel","Fall19","2",0
"Glossosoma","Relic Channel","Fall19","3",0
"Glossosoma","Relic Channel","Spring20","1",0
"Glossosoma","Relic Channel","Spring20","2",0
"Glossosoma","Relic Channel","Spring20","3",0
"Glossosoma","Relic Channel","Summer19","1",0
"Glossosoma","Relic Channel","Summer19","2",0
"Glossosoma","Relic Channel","Summer19","3",0
"Glossosoma","Relic Channel","Winter20","1",0
"Glossosoma","Relic Channel","Winter20","2",0
"Glossosoma","Relic Channel","Winter20","3",0.139303413
"Glutops","Relic Channel","Fall19","1",0
"Glutops","Relic Channel","Fall19","2",0
"Glutops","Relic Channel","Fall19","3",0
"Glutops","Relic Channel","Spring20","1",0
"Glutops","Relic Channel","Spring20","2",0
"Glutops","Relic Channel","Spring20","3",0
"Glutops","Relic Channel","Summer19","1",0
"Glutops","Relic Channel","Summer19","2",0
"Glutops","Relic Channel","Summer19","3",0
"Glutops","Relic Channel","Winter20","1",0
"Glutops","Relic Channel","Winter20","2",0
"Glutops","Relic Channel","Winter20","3",0
"Hemerodromia","Relic Channel","Fall19","1",0.025318535
"Hemerodromia","Relic Channel","Fall19","2",0
"Hemerodromia","Relic Channel","Fall19","3",0
"Hemerodromia","Relic Channel","Spring20","1",0
"Hemerodromia","Relic Channel","Spring20","2",0
"Hemerodromia","Relic Channel","Spring20","3",0
"Hemerodromia","Relic Channel","Summer19","1",0
"Hemerodromia","Relic Channel","Summer19","2",0
"Hemerodromia","Relic Channel","Summer19","3",0
"Hemerodromia","Relic Channel","Winter20","1",0
"Hemerodromia","Relic Channel","Winter20","2",0
"Hemerodromia","Relic Channel","Winter20","3",0
"Heptagenia","Relic Channel","Fall19","1",0
"Heptagenia","Relic Channel","Fall19","2",0
"Heptagenia","Relic Channel","Fall19","3",0
"Heptagenia","Relic Channel","Spring20","1",0
"Heptagenia","Relic Channel","Spring20","2",0
"Heptagenia","Relic Channel","Spring20","3",0
"Heptagenia","Relic Channel","Summer19","1",0
"Heptagenia","Relic Channel","Summer19","2",0
"Heptagenia","Relic Channel","Summer19","3",16.91240532
"Heptagenia","Relic Channel","Winter20","1",0
"Heptagenia","Relic Channel","Winter20","2",0
"Heptagenia","Relic Channel","Winter20","3",0
"Hesperoperla pacifica","Relic Channel","Fall19","1",0
"Hesperoperla pacifica","Relic Channel","Fall19","2",0.894710184
"Hesperoperla pacifica","Relic Channel","Fall19","3",6.140975449
"Hesperoperla pacifica","Relic Channel","Spring20","1",0
"Hesperoperla pacifica","Relic Channel","Spring20","2",0.05312738
"Hesperoperla pacifica","Relic Channel","Spring20","3",0
"Hesperoperla pacifica","Relic Channel","Summer19","1",5.600288114
"Hesperoperla pacifica","Relic Channel","Summer19","2",0.781652558
"Hesperoperla pacifica","Relic Channel","Summer19","3",97.86051343
"Hesperoperla pacifica","Relic Channel","Winter20","1",0
"Hesperoperla pacifica","Relic Channel","Winter20","2",0
"Hesperoperla pacifica","Relic Channel","Winter20","3",227.4372387
"Heterotrissocladius marcidus group","Relic Channel","Fall19","1",0
"Heterotrissocladius marcidus group","Relic Channel","Fall19","2",0
"Heterotrissocladius marcidus group","Relic Channel","Fall19","3",0
"Heterotrissocladius marcidus group","Relic Channel","Spring20","1",0
"Heterotrissocladius marcidus group","Relic Channel","Spring20","2",0
"Heterotrissocladius marcidus group","Relic Channel","Spring20","3",0
"Heterotrissocladius marcidus group","Relic Channel","Summer19","1",0
"Heterotrissocladius marcidus group","Relic Channel","Summer19","2",0
"Heterotrissocladius marcidus group","Relic Channel","Summer19","3",0
"Heterotrissocladius marcidus group","Relic Channel","Winter20","1",0
"Heterotrissocladius marcidus group","Relic Channel","Winter20","2",0
"Heterotrissocladius marcidus group","Relic Channel","Winter20","3",0
"Hydatophylax hesperus","Relic Channel","Fall19","1",0
"Hydatophylax hesperus","Relic Channel","Fall19","2",0
"Hydatophylax hesperus","Relic Channel","Fall19","3",0
"Hydatophylax hesperus","Relic Channel","Spring20","1",0
"Hydatophylax hesperus","Relic Channel","Spring20","2",0
"Hydatophylax hesperus","Relic Channel","Spring20","3",0
"Hydatophylax hesperus","Relic Channel","Summer19","1",0
"Hydatophylax hesperus","Relic Channel","Summer19","2",0
"Hydatophylax hesperus","Relic Channel","Summer19","3",0
"Hydatophylax hesperus","Relic Channel","Winter20","1",0
"Hydatophylax hesperus","Relic Channel","Winter20","2",0
"Hydatophylax hesperus","Relic Channel","Winter20","3",0
"Hydropsyche","Relic Channel","Fall19","1",3.183009157
"Hydropsyche","Relic Channel","Fall19","2",2.348507779
"Hydropsyche","Relic Channel","Fall19","3",31.57270837
"Hydropsyche","Relic Channel","Spring20","1",33.17382692
"Hydropsyche","Relic Channel","Spring20","2",1.453265158
"Hydropsyche","Relic Channel","Spring20","3",0
"Hydropsyche","Relic Channel","Summer19","1",20.99032388
"Hydropsyche","Relic Channel","Summer19","2",19.60709716
"Hydropsyche","Relic Channel","Summer19","3",0
"Hydropsyche","Relic Channel","Winter20","1",3.517065234
"Hydropsyche","Relic Channel","Winter20","2",0
"Hydropsyche","Relic Channel","Winter20","3",22.96148901
"Hydroptila","Relic Channel","Fall19","1",0.155651282
"Hydroptila","Relic Channel","Fall19","2",0
"Hydroptila","Relic Channel","Fall19","3",0
"Hydroptila","Relic Channel","Spring20","1",0
"Hydroptila","Relic Channel","Spring20","2",0
"Hydroptila","Relic Channel","Spring20","3",0
"Hydroptila","Relic Channel","Summer19","1",0.338510172
"Hydroptila","Relic Channel","Summer19","2",0
"Hydroptila","Relic Channel","Summer19","3",0.267663189
"Hydroptila","Relic Channel","Winter20","1",0
"Hydroptila","Relic Channel","Winter20","2",0
"Hydroptila","Relic Channel","Winter20","3",0
"Ironodes","Relic Channel","Fall19","1",7.977404081
"Ironodes","Relic Channel","Fall19","2",5.836245728
"Ironodes","Relic Channel","Fall19","3",3.505537874
"Ironodes","Relic Channel","Spring20","1",367.9731556
"Ironodes","Relic Channel","Spring20","2",26.72546466
"Ironodes","Relic Channel","Spring20","3",0
"Ironodes","Relic Channel","Summer19","1",0
"Ironodes","Relic Channel","Summer19","2",0
"Ironodes","Relic Channel","Summer19","3",0
"Ironodes","Relic Channel","Winter20","1",27.34800696
"Ironodes","Relic Channel","Winter20","2",31.51762262
"Ironodes","Relic Channel","Winter20","3",45.8749874
"Isoperla","Relic Channel","Fall19","1",0.497490485
"Isoperla","Relic Channel","Fall19","2",0
"Isoperla","Relic Channel","Fall19","3",0
"Isoperla","Relic Channel","Spring20","1",18.07059874
"Isoperla","Relic Channel","Spring20","2",0
"Isoperla","Relic Channel","Spring20","3",0
"Isoperla","Relic Channel","Summer19","1",0
"Isoperla","Relic Channel","Summer19","2",0
"Isoperla","Relic Channel","Summer19","3",0
"Isoperla","Relic Channel","Winter20","1",0.209797497
"Isoperla","Relic Channel","Winter20","2",0
"Isoperla","Relic Channel","Winter20","3",0
"Isoperlinae","Relic Channel","Fall19","1",0
"Isoperlinae","Relic Channel","Fall19","2",0
"Isoperlinae","Relic Channel","Fall19","3",0
"Isoperlinae","Relic Channel","Spring20","1",0
"Isoperlinae","Relic Channel","Spring20","2",0
"Isoperlinae","Relic Channel","Spring20","3",0
"Isoperlinae","Relic Channel","Summer19","1",0
"Isoperlinae","Relic Channel","Summer19","2",0
"Isoperlinae","Relic Channel","Summer19","3",0
"Isoperlinae","Relic Channel","Winter20","1",0
"Isoperlinae","Relic Channel","Winter20","2",0
"Isoperlinae","Relic Channel","Winter20","3",0
"Juga","Relic Channel","Fall19","1",49.68206539
"Juga","Relic Channel","Fall19","2",0
"Juga","Relic Channel","Fall19","3",37.22029459
"Juga","Relic Channel","Spring20","1",0
"Juga","Relic Channel","Spring20","2",0
"Juga","Relic Channel","Spring20","3",0
"Juga","Relic Channel","Summer19","1",0
"Juga","Relic Channel","Summer19","2",0
"Juga","Relic Channel","Summer19","3",0
"Juga","Relic Channel","Winter20","1",0
"Juga","Relic Channel","Winter20","2",0
"Juga","Relic Channel","Winter20","3",0
"Kogotus/Rickera","Relic Channel","Fall19","1",0
"Kogotus/Rickera","Relic Channel","Fall19","2",0
"Kogotus/Rickera","Relic Channel","Fall19","3",0
"Kogotus/Rickera","Relic Channel","Spring20","1",0
"Kogotus/Rickera","Relic Channel","Spring20","2",0
"Kogotus/Rickera","Relic Channel","Spring20","3",0
"Kogotus/Rickera","Relic Channel","Summer19","1",0
"Kogotus/Rickera","Relic Channel","Summer19","2",0
"Kogotus/Rickera","Relic Channel","Summer19","3",0
"Kogotus/Rickera","Relic Channel","Winter20","1",0
"Kogotus/Rickera","Relic Channel","Winter20","2",0
"Kogotus/Rickera","Relic Channel","Winter20","3",0
"Krenosmittia","Relic Channel","Fall19","1",0
"Krenosmittia","Relic Channel","Fall19","2",0
"Krenosmittia","Relic Channel","Fall19","3",0
"Krenosmittia","Relic Channel","Spring20","1",0
"Krenosmittia","Relic Channel","Spring20","2",0
"Krenosmittia","Relic Channel","Spring20","3",0
"Krenosmittia","Relic Channel","Summer19","1",0
"Krenosmittia","Relic Channel","Summer19","2",0
"Krenosmittia","Relic Channel","Summer19","3",0
"Krenosmittia","Relic Channel","Winter20","1",0
"Krenosmittia","Relic Channel","Winter20","2",0
"Krenosmittia","Relic Channel","Winter20","3",0
"Labiobaetis","Relic Channel","Fall19","1",0.904755232
"Labiobaetis","Relic Channel","Fall19","2",0
"Labiobaetis","Relic Channel","Fall19","3",0
"Labiobaetis","Relic Channel","Spring20","1",0
"Labiobaetis","Relic Channel","Spring20","2",0
"Labiobaetis","Relic Channel","Spring20","3",0
"Labiobaetis","Relic Channel","Summer19","1",0
"Labiobaetis","Relic Channel","Summer19","2",0
"Labiobaetis","Relic Channel","Summer19","3",0
"Labiobaetis","Relic Channel","Winter20","1",0
"Labiobaetis","Relic Channel","Winter20","2",0
"Labiobaetis","Relic Channel","Winter20","3",0
"Lara","Relic Channel","Fall19","1",0.272731187
"Lara","Relic Channel","Fall19","2",0.740020192
"Lara","Relic Channel","Fall19","3",0
"Lara","Relic Channel","Spring20","1",0
"Lara","Relic Channel","Spring20","2",0
"Lara","Relic Channel","Spring20","3",0
"Lara","Relic Channel","Summer19","1",0
"Lara","Relic Channel","Summer19","2",0
"Lara","Relic Channel","Summer19","3",0
"Lara","Relic Channel","Winter20","1",0
"Lara","Relic Channel","Winter20","2",0
"Lara","Relic Channel","Winter20","3",0
"Lebertia","Relic Channel","Fall19","1",0
"Lebertia","Relic Channel","Fall19","2",0
"Lebertia","Relic Channel","Fall19","3",0.08851
"Lebertia","Relic Channel","Spring20","1",0
"Lebertia","Relic Channel","Spring20","2",0
"Lebertia","Relic Channel","Spring20","3",0
"Lebertia","Relic Channel","Summer19","1",0
"Lebertia","Relic Channel","Summer19","2",0
"Lebertia","Relic Channel","Summer19","3",0
"Lebertia","Relic Channel","Winter20","1",0
"Lebertia","Relic Channel","Winter20","2",0.0424
"Lebertia","Relic Channel","Winter20","3",0.27136
"Lepidostoma","Relic Channel","Fall19","1",0
"Lepidostoma","Relic Channel","Fall19","2",0
"Lepidostoma","Relic Channel","Fall19","3",0
"Lepidostoma","Relic Channel","Spring20","1",0.601598067
"Lepidostoma","Relic Channel","Spring20","2",0
"Lepidostoma","Relic Channel","Spring20","3",0
"Lepidostoma","Relic Channel","Summer19","1",0
"Lepidostoma","Relic Channel","Summer19","2",0
"Lepidostoma","Relic Channel","Summer19","3",0
"Lepidostoma","Relic Channel","Winter20","1",0
"Lepidostoma","Relic Channel","Winter20","2",0
"Lepidostoma","Relic Channel","Winter20","3",0
"Lepidostoma (Neodinarthrum)","Relic Channel","Fall19","1",0
"Lepidostoma (Neodinarthrum)","Relic Channel","Fall19","2",0
"Lepidostoma (Neodinarthrum)","Relic Channel","Fall19","3",0
"Lepidostoma (Neodinarthrum)","Relic Channel","Spring20","1",0
"Lepidostoma (Neodinarthrum)","Relic Channel","Spring20","2",0
"Lepidostoma (Neodinarthrum)","Relic Channel","Spring20","3",0
"Lepidostoma (Neodinarthrum)","Relic Channel","Summer19","1",0
"Lepidostoma (Neodinarthrum)","Relic Channel","Summer19","2",0
"Lepidostoma (Neodinarthrum)","Relic Channel","Summer19","3",0
"Lepidostoma (Neodinarthrum)","Relic Channel","Winter20","1",0
"Lepidostoma (Neodinarthrum)","Relic Channel","Winter20","2",0
"Lepidostoma (Neodinarthrum)","Relic Channel","Winter20","3",0
"Lepidostoma unicolor group","Relic Channel","Fall19","1",0
"Lepidostoma unicolor group","Relic Channel","Fall19","2",0
"Lepidostoma unicolor group","Relic Channel","Fall19","3",0
"Lepidostoma unicolor group","Relic Channel","Spring20","1",11.045888
"Lepidostoma unicolor group","Relic Channel","Spring20","2",2.456758118
"Lepidostoma unicolor group","Relic Channel","Spring20","3",0
"Lepidostoma unicolor group","Relic Channel","Summer19","1",0
"Lepidostoma unicolor group","Relic Channel","Summer19","2",0
"Lepidostoma unicolor group","Relic Channel","Summer19","3",0
"Lepidostoma unicolor group","Relic Channel","Winter20","1",2.81654749
"Lepidostoma unicolor group","Relic Channel","Winter20","2",0
"Lepidostoma unicolor group","Relic Channel","Winter20","3",0
"Limnephilidae","Relic Channel","Fall19","1",0
"Limnephilidae","Relic Channel","Fall19","2",0
"Limnephilidae","Relic Channel","Fall19","3",0
"Limnephilidae","Relic Channel","Spring20","1",1.218168916
"Limnephilidae","Relic Channel","Spring20","2",0
"Limnephilidae","Relic Channel","Spring20","3",0
"Limnephilidae","Relic Channel","Summer19","1",0
"Limnephilidae","Relic Channel","Summer19","2",0
"Limnephilidae","Relic Channel","Summer19","3",0
"Limnephilidae","Relic Channel","Winter20","1",0
"Limnephilidae","Relic Channel","Winter20","2",0
"Limnephilidae","Relic Channel","Winter20","3",0
"Limnophyes","Relic Channel","Fall19","1",0
"Limnophyes","Relic Channel","Fall19","2",0
"Limnophyes","Relic Channel","Fall19","3",0
"Limnophyes","Relic Channel","Spring20","1",0
"Limnophyes","Relic Channel","Spring20","2",0.11313057
"Limnophyes","Relic Channel","Spring20","3",0
"Limnophyes","Relic Channel","Summer19","1",0.200021656
"Limnophyes","Relic Channel","Summer19","2",0.280023253
"Limnophyes","Relic Channel","Summer19","3",0
"Limnophyes","Relic Channel","Winter20","1",0
"Limnophyes","Relic Channel","Winter20","2",0.008834012
"Limnophyes","Relic Channel","Winter20","3",0
"Macropelopia","Relic Channel","Fall19","1",0
"Macropelopia","Relic Channel","Fall19","2",0
"Macropelopia","Relic Channel","Fall19","3",0
"Macropelopia","Relic Channel","Spring20","1",9.047391574
"Macropelopia","Relic Channel","Spring20","2",0
"Macropelopia","Relic Channel","Spring20","3",0
"Macropelopia","Relic Channel","Summer19","1",0
"Macropelopia","Relic Channel","Summer19","2",0
"Macropelopia","Relic Channel","Summer19","3",0
"Macropelopia","Relic Channel","Winter20","1",0
"Macropelopia","Relic Channel","Winter20","2",0
"Macropelopia","Relic Channel","Winter20","3",0
"Malenka","Relic Channel","Fall19","1",7.390688354
"Malenka","Relic Channel","Fall19","2",0
"Malenka","Relic Channel","Fall19","3",6.674813955
"Malenka","Relic Channel","Spring20","1",27.12504241
"Malenka","Relic Channel","Spring20","2",3.869032022
"Malenka","Relic Channel","Spring20","3",0
"Malenka","Relic Channel","Summer19","1",13.7255289
"Malenka","Relic Channel","Summer19","2",2.980614675
"Malenka","Relic Channel","Summer19","3",4.300888545
"Malenka","Relic Channel","Winter20","1",0.00896
"Malenka","Relic Channel","Winter20","2",0
"Malenka","Relic Channel","Winter20","3",0.172032
"Matriella teresa","Relic Channel","Fall19","1",0
"Matriella teresa","Relic Channel","Fall19","2",0
"Matriella teresa","Relic Channel","Fall19","3",0
"Matriella teresa","Relic Channel","Spring20","1",0
"Matriella teresa","Relic Channel","Spring20","2",0.054712691
"Matriella teresa","Relic Channel","Spring20","3",0
"Matriella teresa","Relic Channel","Summer19","1",6.074761276
"Matriella teresa","Relic Channel","Summer19","2",0
"Matriella teresa","Relic Channel","Summer19","3",1.556191191
"Matriella teresa","Relic Channel","Winter20","1",0
"Matriella teresa","Relic Channel","Winter20","2",0
"Matriella teresa","Relic Channel","Winter20","3",0
"Menetus","Relic Channel","Fall19","1",0
"Menetus","Relic Channel","Fall19","2",0
"Menetus","Relic Channel","Fall19","3",0
"Menetus","Relic Channel","Spring20","1",0.25253072
"Menetus","Relic Channel","Spring20","2",0
"Menetus","Relic Channel","Spring20","3",0
"Menetus","Relic Channel","Summer19","1",0
"Menetus","Relic Channel","Summer19","2",0.306809474
"Menetus","Relic Channel","Summer19","3",11.91387735
"Menetus","Relic Channel","Winter20","1",0
"Menetus","Relic Channel","Winter20","2",0
"Menetus","Relic Channel","Winter20","3",0
"Meringodixa","Relic Channel","Fall19","1",0
"Meringodixa","Relic Channel","Fall19","2",0
"Meringodixa","Relic Channel","Fall19","3",0
"Meringodixa","Relic Channel","Spring20","1",0
"Meringodixa","Relic Channel","Spring20","2",0
"Meringodixa","Relic Channel","Spring20","3",0
"Meringodixa","Relic Channel","Summer19","1",0
"Meringodixa","Relic Channel","Summer19","2",0
"Meringodixa","Relic Channel","Summer19","3",0
"Meringodixa","Relic Channel","Winter20","1",0
"Meringodixa","Relic Channel","Winter20","2",0
"Meringodixa","Relic Channel","Winter20","3",0
"Micrasema","Relic Channel","Fall19","1",1.124434154
"Micrasema","Relic Channel","Fall19","2",0.16062198
"Micrasema","Relic Channel","Fall19","3",1.112327531
"Micrasema","Relic Channel","Spring20","1",12.627593
"Micrasema","Relic Channel","Spring20","2",3.685518788
"Micrasema","Relic Channel","Spring20","3",0
"Micrasema","Relic Channel","Summer19","1",2.339013558
"Micrasema","Relic Channel","Summer19","2",0
"Micrasema","Relic Channel","Summer19","3",0
"Micrasema","Relic Channel","Winter20","1",3.635137833
"Micrasema","Relic Channel","Winter20","2",1.302587428
"Micrasema","Relic Channel","Winter20","3",10.76191755
"Micropsectra","Relic Channel","Fall19","1",0
"Micropsectra","Relic Channel","Fall19","2",0
"Micropsectra","Relic Channel","Fall19","3",0
"Micropsectra","Relic Channel","Spring20","1",7.487964023
"Micropsectra","Relic Channel","Spring20","2",0
"Micropsectra","Relic Channel","Spring20","3",0
"Micropsectra","Relic Channel","Summer19","1",2.801139965
"Micropsectra","Relic Channel","Summer19","2",0.104014794
"Micropsectra","Relic Channel","Summer19","3",0.887577737
"Micropsectra","Relic Channel","Winter20","1",0
"Micropsectra","Relic Channel","Winter20","2",0
"Micropsectra","Relic Channel","Winter20","3",1.076961875
"Microtendipes pedellus group","Relic Channel","Fall19","1",0
"Microtendipes pedellus group","Relic Channel","Fall19","2",0.202858625
"Microtendipes pedellus group","Relic Channel","Fall19","3",0
"Microtendipes pedellus group","Relic Channel","Spring20","1",0
"Microtendipes pedellus group","Relic Channel","Spring20","2",0
"Microtendipes pedellus group","Relic Channel","Spring20","3",0
"Microtendipes pedellus group","Relic Channel","Summer19","1",0
"Microtendipes pedellus group","Relic Channel","Summer19","2",0
"Microtendipes pedellus group","Relic Channel","Summer19","3",0
"Microtendipes pedellus group","Relic Channel","Winter20","1",0
"Microtendipes pedellus group","Relic Channel","Winter20","2",0
"Microtendipes pedellus group","Relic Channel","Winter20","3",0
"Microtendipes rydalensis group","Relic Channel","Fall19","1",0
"Microtendipes rydalensis group","Relic Channel","Fall19","2",0
"Microtendipes rydalensis group","Relic Channel","Fall19","3",0
"Microtendipes rydalensis group","Relic Channel","Spring20","1",0
"Microtendipes rydalensis group","Relic Channel","Spring20","2",0
"Microtendipes rydalensis group","Relic Channel","Spring20","3",0
"Microtendipes rydalensis group","Relic Channel","Summer19","1",0
"Microtendipes rydalensis group","Relic Channel","Summer19","2",0
"Microtendipes rydalensis group","Relic Channel","Summer19","3",0
"Microtendipes rydalensis group","Relic Channel","Winter20","1",0
"Microtendipes rydalensis group","Relic Channel","Winter20","2",0
"Microtendipes rydalensis group","Relic Channel","Winter20","3",0.056537678
"Nanocladius","Relic Channel","Fall19","1",0.036882001
"Nanocladius","Relic Channel","Fall19","2",0.053286267
"Nanocladius","Relic Channel","Fall19","3",0.053286267
"Nanocladius","Relic Channel","Spring20","1",0
"Nanocladius","Relic Channel","Spring20","2",0
"Nanocladius","Relic Channel","Spring20","3",0
"Nanocladius","Relic Channel","Summer19","1",0.314785285
"Nanocladius","Relic Channel","Summer19","2",0
"Nanocladius","Relic Channel","Summer19","3",0
"Nanocladius","Relic Channel","Winter20","1",0
"Nanocladius","Relic Channel","Winter20","2",0
"Nanocladius","Relic Channel","Winter20","3",0
"Narpus concolor","Relic Channel","Fall19","1",0
"Narpus concolor","Relic Channel","Fall19","2",0
"Narpus concolor","Relic Channel","Fall19","3",0
"Narpus concolor","Relic Channel","Spring20","1",0
"Narpus concolor","Relic Channel","Spring20","2",0
"Narpus concolor","Relic Channel","Spring20","3",0
"Narpus concolor","Relic Channel","Summer19","1",0
"Narpus concolor","Relic Channel","Summer19","2",0
"Narpus concolor","Relic Channel","Summer19","3",0
"Narpus concolor","Relic Channel","Winter20","1",0
"Narpus concolor","Relic Channel","Winter20","2",0
"Narpus concolor","Relic Channel","Winter20","3",0
"Nemata","Relic Channel","Fall19","1",1.279954575
"Nemata","Relic Channel","Fall19","2",0.353110043
"Nemata","Relic Channel","Fall19","3",0
"Nemata","Relic Channel","Spring20","1",2.074864863
"Nemata","Relic Channel","Spring20","2",0.534266848
"Nemata","Relic Channel","Spring20","3",0
"Nemata","Relic Channel","Summer19","1",0.666413003
"Nemata","Relic Channel","Summer19","2",0.534266848
"Nemata","Relic Channel","Summer19","3",0
"Nemata","Relic Channel","Winter20","1",1.023744858
"Nemata","Relic Channel","Winter20","2",0.255936215
"Nemata","Relic Channel","Winter20","3",0
"Neoleptophlebia/Paraleptophlebia","Relic Channel","Fall19","1",0.05051041
"Neoleptophlebia/Paraleptophlebia","Relic Channel","Fall19","2",1.182034517
"Neoleptophlebia/Paraleptophlebia","Relic Channel","Fall19","3",0.300187093
"Neoleptophlebia/Paraleptophlebia","Relic Channel","Spring20","1",188.3958297
"Neoleptophlebia/Paraleptophlebia","Relic Channel","Spring20","2",5.689847661
"Neoleptophlebia/Paraleptophlebia","Relic Channel","Spring20","3",0
"Neoleptophlebia/Paraleptophlebia","Relic Channel","Summer19","1",0
"Neoleptophlebia/Paraleptophlebia","Relic Channel","Summer19","2",0.091977413
"Neoleptophlebia/Paraleptophlebia","Relic Channel","Summer19","3",0
"Neoleptophlebia/Paraleptophlebia","Relic Channel","Winter20","1",1.351740912
"Neoleptophlebia/Paraleptophlebia","Relic Channel","Winter20","2",0
"Neoleptophlebia/Paraleptophlebia","Relic Channel","Winter20","3",3.807793551
"Neoplasta","Relic Channel","Fall19","1",1.23981963
"Neoplasta","Relic Channel","Fall19","2",0
"Neoplasta","Relic Channel","Fall19","3",0.850437812
"Neoplasta","Relic Channel","Spring20","1",4.472181033
"Neoplasta","Relic Channel","Spring20","2",0.200529762
"Neoplasta","Relic Channel","Spring20","3",0
"Neoplasta","Relic Channel","Summer19","1",0
"Neoplasta","Relic Channel","Summer19","2",0.307577788
"Neoplasta","Relic Channel","Summer19","3",0
"Neoplasta","Relic Channel","Winter20","1",0
"Neoplasta","Relic Channel","Winter20","2",0.599519682
"Neoplasta","Relic Channel","Winter20","3",4.288636269
"Nilotanypus","Relic Channel","Fall19","1",0
"Nilotanypus","Relic Channel","Fall19","2",0
"Nilotanypus","Relic Channel","Fall19","3",0
"Nilotanypus","Relic Channel","Spring20","1",0.134066072
"Nilotanypus","Relic Channel","Spring20","2",0
"Nilotanypus","Relic Channel","Spring20","3",0
"Nilotanypus","Relic Channel","Summer19","1",0
"Nilotanypus","Relic Channel","Summer19","2",0
"Nilotanypus","Relic Channel","Summer19","3",0
"Nilotanypus","Relic Channel","Winter20","1",0
"Nilotanypus","Relic Channel","Winter20","2",0
"Nilotanypus","Relic Channel","Winter20","3",0
"Ochrotrichia","Relic Channel","Fall19","1",0
"Ochrotrichia","Relic Channel","Fall19","2",0
"Ochrotrichia","Relic Channel","Fall19","3",0
"Ochrotrichia","Relic Channel","Spring20","1",0
"Ochrotrichia","Relic Channel","Spring20","2",0
"Ochrotrichia","Relic Channel","Spring20","3",0
"Ochrotrichia","Relic Channel","Summer19","1",0.878752981
"Ochrotrichia","Relic Channel","Summer19","2",0
"Ochrotrichia","Relic Channel","Summer19","3",0
"Ochrotrichia","Relic Channel","Winter20","1",0
"Ochrotrichia","Relic Channel","Winter20","2",0
"Ochrotrichia","Relic Channel","Winter20","3",0
"Oligochaeta","Relic Channel","Fall19","1",5.304582603
"Oligochaeta","Relic Channel","Fall19","2",3.492825148
"Oligochaeta","Relic Channel","Fall19","3",1.249524381
"Oligochaeta","Relic Channel","Spring20","1",32.03178254
"Oligochaeta","Relic Channel","Spring20","2",4.370439315
"Oligochaeta","Relic Channel","Spring20","3",0
"Oligochaeta","Relic Channel","Summer19","1",3.622931184
"Oligochaeta","Relic Channel","Summer19","2",1.168529484
"Oligochaeta","Relic Channel","Summer19","3",11.37314991
"Oligochaeta","Relic Channel","Winter20","1",1.87570499
"Oligochaeta","Relic Channel","Winter20","2",0.333241586
"Oligochaeta","Relic Channel","Winter20","3",4.30392149
"Onocosmoecus unicolor","Relic Channel","Fall19","1",0
"Onocosmoecus unicolor","Relic Channel","Fall19","2",0
"Onocosmoecus unicolor","Relic Channel","Fall19","3",0
"Onocosmoecus unicolor","Relic Channel","Spring20","1",0
"Onocosmoecus unicolor","Relic Channel","Spring20","2",0
"Onocosmoecus unicolor","Relic Channel","Spring20","3",0
"Onocosmoecus unicolor","Relic Channel","Summer19","1",0
"Onocosmoecus unicolor","Relic Channel","Summer19","2",0
"Onocosmoecus unicolor","Relic Channel","Summer19","3",0
"Onocosmoecus unicolor","Relic Channel","Winter20","1",0
"Onocosmoecus unicolor","Relic Channel","Winter20","2",0
"Onocosmoecus unicolor","Relic Channel","Winter20","3",0
"Oribatida","Relic Channel","Fall19","1",0
"Oribatida","Relic Channel","Fall19","2",0
"Oribatida","Relic Channel","Fall19","3",0
"Oribatida","Relic Channel","Spring20","1",0
"Oribatida","Relic Channel","Spring20","2",0
"Oribatida","Relic Channel","Spring20","3",0
"Oribatida","Relic Channel","Summer19","1",0
"Oribatida","Relic Channel","Summer19","2",0
"Oribatida","Relic Channel","Summer19","3",0
"Oribatida","Relic Channel","Winter20","1",0
"Oribatida","Relic Channel","Winter20","2",0
"Oribatida","Relic Channel","Winter20","3",0
"Orthocladius","Relic Channel","Fall19","1",0.018441
"Orthocladius","Relic Channel","Fall19","2",0
"Orthocladius","Relic Channel","Fall19","3",0.202858625
"Orthocladius","Relic Channel","Spring20","1",0.387391164
"Orthocladius","Relic Channel","Spring20","2",0.279547407
"Orthocladius","Relic Channel","Spring20","3",0
"Orthocladius","Relic Channel","Summer19","1",5.002772546
"Orthocladius","Relic Channel","Summer19","2",9.472776735
"Orthocladius","Relic Channel","Summer19","3",9.664278661
"Orthocladius","Relic Channel","Winter20","1",0.10838857
"Orthocladius","Relic Channel","Winter20","2",0.256619065
"Orthocladius","Relic Channel","Winter20","3",8.887037724
"Orthocladius (Symposiocladius)","Relic Channel","Fall19","1",0.11313057
"Orthocladius (Symposiocladius)","Relic Channel","Fall19","2",0.590575087
"Orthocladius (Symposiocladius)","Relic Channel","Fall19","3",0.166416837
"Orthocladius (Symposiocladius)","Relic Channel","Spring20","1",0
"Orthocladius (Symposiocladius)","Relic Channel","Spring20","2",0.202858625
"Orthocladius (Symposiocladius)","Relic Channel","Spring20","3",0
"Orthocladius (Symposiocladius)","Relic Channel","Summer19","1",0.170516056
"Orthocladius (Symposiocladius)","Relic Channel","Summer19","2",0.312044382
"Orthocladius (Symposiocladius)","Relic Channel","Summer19","3",0.141421754
"Orthocladius (Symposiocladius)","Relic Channel","Winter20","1",0.313194632
"Orthocladius (Symposiocladius)","Relic Channel","Winter20","2",0.845127803
"Orthocladius (Symposiocladius)","Relic Channel","Winter20","3",12.54155733
"Osobenus yakimae","Relic Channel","Fall19","1",0
"Osobenus yakimae","Relic Channel","Fall19","2",0
"Osobenus yakimae","Relic Channel","Fall19","3",0
"Osobenus yakimae","Relic Channel","Spring20","1",85.95925305
"Osobenus yakimae","Relic Channel","Spring20","2",0
"Osobenus yakimae","Relic Channel","Spring20","3",0
"Osobenus yakimae","Relic Channel","Summer19","1",18.07059874
"Osobenus yakimae","Relic Channel","Summer19","2",0
"Osobenus yakimae","Relic Channel","Summer19","3",0
"Osobenus yakimae","Relic Channel","Winter20","1",0
"Osobenus yakimae","Relic Channel","Winter20","2",0
"Osobenus yakimae","Relic Channel","Winter20","3",0
"Ostracoda","Relic Channel","Fall19","1",0
"Ostracoda","Relic Channel","Fall19","2",0.01127751
"Ostracoda","Relic Channel","Fall19","3",0
"Ostracoda","Relic Channel","Spring20","1",0.901862475
"Ostracoda","Relic Channel","Spring20","2",0
"Ostracoda","Relic Channel","Spring20","3",0
"Ostracoda","Relic Channel","Summer19","1",0
"Ostracoda","Relic Channel","Summer19","2",0
"Ostracoda","Relic Channel","Summer19","3",0
"Ostracoda","Relic Channel","Winter20","1",0.0216096
"Ostracoda","Relic Channel","Winter20","2",0
"Ostracoda","Relic Channel","Winter20","3",0
"Pagastia","Relic Channel","Fall19","1",0
"Pagastia","Relic Channel","Fall19","2",0
"Pagastia","Relic Channel","Fall19","3",0
"Pagastia","Relic Channel","Spring20","1",0
"Pagastia","Relic Channel","Spring20","2",0
"Pagastia","Relic Channel","Spring20","3",0
"Pagastia","Relic Channel","Summer19","1",8.49137825
"Pagastia","Relic Channel","Summer19","2",7.640007776
"Pagastia","Relic Channel","Summer19","3",8.173829163
"Pagastia","Relic Channel","Winter20","1",0.627909847
"Pagastia","Relic Channel","Winter20","2",0
"Pagastia","Relic Channel","Winter20","3",3.956969596
"Paracladopelma","Relic Channel","Fall19","1",0
"Paracladopelma","Relic Channel","Fall19","2",0
"Paracladopelma","Relic Channel","Fall19","3",0
"Paracladopelma","Relic Channel","Spring20","1",0
"Paracladopelma","Relic Channel","Spring20","2",0
"Paracladopelma","Relic Channel","Spring20","3",0
"Paracladopelma","Relic Channel","Summer19","1",0
"Paracladopelma","Relic Channel","Summer19","2",0
"Paracladopelma","Relic Channel","Summer19","3",0
"Paracladopelma","Relic Channel","Winter20","1",0
"Paracladopelma","Relic Channel","Winter20","2",0
"Paracladopelma","Relic Channel","Winter20","3",0
"Parakiefferiella","Relic Channel","Fall19","1",0
"Parakiefferiella","Relic Channel","Fall19","2",0
"Parakiefferiella","Relic Channel","Fall19","3",0
"Parakiefferiella","Relic Channel","Spring20","1",0
"Parakiefferiella","Relic Channel","Spring20","2",0
"Parakiefferiella","Relic Channel","Spring20","3",0
"Parakiefferiella","Relic Channel","Summer19","1",0.059011201
"Parakiefferiella","Relic Channel","Summer19","2",0
"Parakiefferiella","Relic Channel","Summer19","3",0
"Parakiefferiella","Relic Channel","Winter20","1",0
"Parakiefferiella","Relic Channel","Winter20","2",0
"Parakiefferiella","Relic Channel","Winter20","3",0
"Parametriocnemus","Relic Channel","Fall19","1",0.661862143
"Parametriocnemus","Relic Channel","Fall19","2",0.053286267
"Parametriocnemus","Relic Channel","Fall19","3",0
"Parametriocnemus","Relic Channel","Spring20","1",0.521457236
"Parametriocnemus","Relic Channel","Spring20","2",0.053286267
"Parametriocnemus","Relic Channel","Spring20","3",0
"Parametriocnemus","Relic Channel","Summer19","1",0.6491476
"Parametriocnemus","Relic Channel","Summer19","2",0
"Parametriocnemus","Relic Channel","Summer19","3",1.756582126
"Parametriocnemus","Relic Channel","Winter20","1",1.037521972
"Parametriocnemus","Relic Channel","Winter20","2",0.025526356
"Parametriocnemus","Relic Channel","Winter20","3",13.21152225
"Paratanytarsus","Relic Channel","Fall19","1",0
"Paratanytarsus","Relic Channel","Fall19","2",0
"Paratanytarsus","Relic Channel","Fall19","3",0
"Paratanytarsus","Relic Channel","Spring20","1",0
"Paratanytarsus","Relic Channel","Spring20","2",0
"Paratanytarsus","Relic Channel","Spring20","3",0
"Paratanytarsus","Relic Channel","Summer19","1",0.429548913
"Paratanytarsus","Relic Channel","Summer19","2",0
"Paratanytarsus","Relic Channel","Summer19","3",0
"Paratanytarsus","Relic Channel","Winter20","1",0
"Paratanytarsus","Relic Channel","Winter20","2",0
"Paratanytarsus","Relic Channel","Winter20","3",0
"Pedomoecus sierra","Relic Channel","Fall19","1",0
"Pedomoecus sierra","Relic Channel","Fall19","2",0
"Pedomoecus sierra","Relic Channel","Fall19","3",0
"Pedomoecus sierra","Relic Channel","Spring20","1",0
"Pedomoecus sierra","Relic Channel","Spring20","2",0
"Pedomoecus sierra","Relic Channel","Spring20","3",0
"Pedomoecus sierra","Relic Channel","Summer19","1",0
"Pedomoecus sierra","Relic Channel","Summer19","2",0
"Pedomoecus sierra","Relic Channel","Summer19","3",0
"Pedomoecus sierra","Relic Channel","Winter20","1",0
"Pedomoecus sierra","Relic Channel","Winter20","2",0
"Pedomoecus sierra","Relic Channel","Winter20","3",0
"Pentaneura","Relic Channel","Fall19","1",0
"Pentaneura","Relic Channel","Fall19","2",0
"Pentaneura","Relic Channel","Fall19","3",0
"Pentaneura","Relic Channel","Spring20","1",1.698437781
"Pentaneura","Relic Channel","Spring20","2",0
"Pentaneura","Relic Channel","Spring20","3",0
"Pentaneura","Relic Channel","Summer19","1",1.046070071
"Pentaneura","Relic Channel","Summer19","2",0
"Pentaneura","Relic Channel","Summer19","3",0
"Pentaneura","Relic Channel","Winter20","1",0
"Pentaneura","Relic Channel","Winter20","2",0
"Pentaneura","Relic Channel","Winter20","3",0
"Pericomaini","Relic Channel","Fall19","1",0
"Pericomaini","Relic Channel","Fall19","2",0
"Pericomaini","Relic Channel","Fall19","3",0
"Pericomaini","Relic Channel","Spring20","1",0
"Pericomaini","Relic Channel","Spring20","2",0
"Pericomaini","Relic Channel","Spring20","3",0
"Pericomaini","Relic Channel","Summer19","1",0
"Pericomaini","Relic Channel","Summer19","2",0
"Pericomaini","Relic Channel","Summer19","3",0
"Pericomaini","Relic Channel","Winter20","1",0
"Pericomaini","Relic Channel","Winter20","2",0
"Pericomaini","Relic Channel","Winter20","3",0
"Perlodidae","Relic Channel","Fall19","1",0.099498097
"Perlodidae","Relic Channel","Fall19","2",0.099498097
"Perlodidae","Relic Channel","Fall19","3",0
"Perlodidae","Relic Channel","Spring20","1",0
"Perlodidae","Relic Channel","Spring20","2",0
"Perlodidae","Relic Channel","Spring20","3",0
"Perlodidae","Relic Channel","Summer19","1",0
"Perlodidae","Relic Channel","Summer19","2",0
"Perlodidae","Relic Channel","Summer19","3",0
"Perlodidae","Relic Channel","Winter20","1",0
"Perlodidae","Relic Channel","Winter20","2",0
"Perlodidae","Relic Channel","Winter20","3",0
"Physella","Relic Channel","Fall19","1",49.68206539
"Physella","Relic Channel","Fall19","2",0
"Physella","Relic Channel","Fall19","3",0
"Physella","Relic Channel","Spring20","1",0
"Physella","Relic Channel","Spring20","2",0
"Physella","Relic Channel","Spring20","3",0
"Physella","Relic Channel","Summer19","1",0
"Physella","Relic Channel","Summer19","2",0
"Physella","Relic Channel","Summer19","3",0
"Physella","Relic Channel","Winter20","1",0
"Physella","Relic Channel","Winter20","2",0
"Physella","Relic Channel","Winter20","3",0
"Pisidium","Relic Channel","Fall19","1",0
"Pisidium","Relic Channel","Fall19","2",0
"Pisidium","Relic Channel","Fall19","3",0
"Pisidium","Relic Channel","Spring20","1",0
"Pisidium","Relic Channel","Spring20","2",0
"Pisidium","Relic Channel","Spring20","3",0
"Pisidium","Relic Channel","Summer19","1",0
"Pisidium","Relic Channel","Summer19","2",0.074315965
"Pisidium","Relic Channel","Summer19","3",0
"Pisidium","Relic Channel","Winter20","1",0
"Pisidium","Relic Channel","Winter20","2",0
"Pisidium","Relic Channel","Winter20","3",0.46463173
"Polypedilum","Relic Channel","Fall19","1",0
"Polypedilum","Relic Channel","Fall19","2",0
"Polypedilum","Relic Channel","Fall19","3",0
"Polypedilum","Relic Channel","Spring20","1",3.32854921
"Polypedilum","Relic Channel","Spring20","2",0.053286267
"Polypedilum","Relic Channel","Spring20","3",0
"Polypedilum","Relic Channel","Summer19","1",12.58302217
"Polypedilum","Relic Channel","Summer19","2",12.16033747
"Polypedilum","Relic Channel","Summer19","3",10.88541172
"Polypedilum","Relic Channel","Winter20","1",0
"Polypedilum","Relic Channel","Winter20","2",0
"Polypedilum","Relic Channel","Winter20","3",0
"Potthastia gaedii group","Relic Channel","Fall19","1",0
"Potthastia gaedii group","Relic Channel","Fall19","2",0
"Potthastia gaedii group","Relic Channel","Fall19","3",0
"Potthastia gaedii group","Relic Channel","Spring20","1",0
"Potthastia gaedii group","Relic Channel","Spring20","2",0
"Potthastia gaedii group","Relic Channel","Spring20","3",0
"Potthastia gaedii group","Relic Channel","Summer19","1",1.113875775
"Potthastia gaedii group","Relic Channel","Summer19","2",0
"Potthastia gaedii group","Relic Channel","Summer19","3",0
"Potthastia gaedii group","Relic Channel","Winter20","1",0
"Potthastia gaedii group","Relic Channel","Winter20","2",0
"Potthastia gaedii group","Relic Channel","Winter20","3",0
"Potthastia longimana group","Relic Channel","Fall19","1",0.018441
"Potthastia longimana group","Relic Channel","Fall19","2",0
"Potthastia longimana group","Relic Channel","Fall19","3",0
"Potthastia longimana group","Relic Channel","Spring20","1",0
"Potthastia longimana group","Relic Channel","Spring20","2",0
"Potthastia longimana group","Relic Channel","Spring20","3",0
"Potthastia longimana group","Relic Channel","Summer19","1",1.134468659
"Potthastia longimana group","Relic Channel","Summer19","2",0
"Potthastia longimana group","Relic Channel","Summer19","3",1.405971156
"Potthastia longimana group","Relic Channel","Winter20","1",0
"Potthastia longimana group","Relic Channel","Winter20","2",0
"Potthastia longimana group","Relic Channel","Winter20","3",0
"Protzia","Relic Channel","Fall19","1",0.35404
"Protzia","Relic Channel","Fall19","2",0
"Protzia","Relic Channel","Fall19","3",0
"Protzia","Relic Channel","Spring20","1",0.6434677
"Protzia","Relic Channel","Spring20","2",0.840664462
"Protzia","Relic Channel","Spring20","3",0
"Protzia","Relic Channel","Summer19","1",0
"Protzia","Relic Channel","Summer19","2",0
"Protzia","Relic Channel","Summer19","3",0
"Protzia","Relic Channel","Winter20","1",0
"Protzia","Relic Channel","Winter20","2",0.0848
"Protzia","Relic Channel","Winter20","3",0
"Psychoglypha bella","Relic Channel","Fall19","1",0
"Psychoglypha bella","Relic Channel","Fall19","2",0
"Psychoglypha bella","Relic Channel","Fall19","3",0
"Psychoglypha bella","Relic Channel","Spring20","1",0
"Psychoglypha bella","Relic Channel","Spring20","2",0
"Psychoglypha bella","Relic Channel","Spring20","3",0
"Psychoglypha bella","Relic Channel","Summer19","1",0
"Psychoglypha bella","Relic Channel","Summer19","2",0
"Psychoglypha bella","Relic Channel","Summer19","3",0
"Psychoglypha bella","Relic Channel","Winter20","1",0
"Psychoglypha bella","Relic Channel","Winter20","2",0
"Psychoglypha bella","Relic Channel","Winter20","3",0
"Rheocricotopus","Relic Channel","Fall19","1",0
"Rheocricotopus","Relic Channel","Fall19","2",0
"Rheocricotopus","Relic Channel","Fall19","3",0.11313057
"Rheocricotopus","Relic Channel","Spring20","1",4.112296203
"Rheocricotopus","Relic Channel","Spring20","2",0.166416837
"Rheocricotopus","Relic Channel","Spring20","3",0
"Rheocricotopus","Relic Channel","Summer19","1",0.0295056
"Rheocricotopus","Relic Channel","Summer19","2",0
"Rheocricotopus","Relic Channel","Summer19","3",0
"Rheocricotopus","Relic Channel","Winter20","1",0
"Rheocricotopus","Relic Channel","Winter20","2",0
"Rheocricotopus","Relic Channel","Winter20","3",0.163368676
"Rheotanytarsus","Relic Channel","Fall19","1",0.202851003
"Rheotanytarsus","Relic Channel","Fall19","2",0.40571725
"Rheotanytarsus","Relic Channel","Fall19","3",0.110646002
"Rheotanytarsus","Relic Channel","Spring20","1",2.854768886
"Rheotanytarsus","Relic Channel","Spring20","2",0.445964243
"Rheotanytarsus","Relic Channel","Spring20","3",0
"Rheotanytarsus","Relic Channel","Summer19","1",0.181008911
"Rheotanytarsus","Relic Channel","Summer19","2",0
"Rheotanytarsus","Relic Channel","Summer19","3",0
"Rheotanytarsus","Relic Channel","Winter20","1",0.308267629
"Rheotanytarsus","Relic Channel","Winter20","2",0.068720736
"Rheotanytarsus","Relic Channel","Winter20","3",0.113075355
"Rhithrogena","Relic Channel","Fall19","1",0
"Rhithrogena","Relic Channel","Fall19","2",0.37164831
"Rhithrogena","Relic Channel","Fall19","3",0
"Rhithrogena","Relic Channel","Spring20","1",0
"Rhithrogena","Relic Channel","Spring20","2",0
"Rhithrogena","Relic Channel","Spring20","3",0
"Rhithrogena","Relic Channel","Summer19","1",0
"Rhithrogena","Relic Channel","Summer19","2",0
"Rhithrogena","Relic Channel","Summer19","3",0
"Rhithrogena","Relic Channel","Winter20","1",0
"Rhithrogena","Relic Channel","Winter20","2",0
"Rhithrogena","Relic Channel","Winter20","3",0
"Rhyacophila alberta group","Relic Channel","Fall19","1",0
"Rhyacophila alberta group","Relic Channel","Fall19","2",0
"Rhyacophila alberta group","Relic Channel","Fall19","3",0
"Rhyacophila alberta group","Relic Channel","Spring20","1",0
"Rhyacophila alberta group","Relic Channel","Spring20","2",1.406587542
"Rhyacophila alberta group","Relic Channel","Spring20","3",0
"Rhyacophila alberta group","Relic Channel","Summer19","1",0
"Rhyacophila alberta group","Relic Channel","Summer19","2",0
"Rhyacophila alberta group","Relic Channel","Summer19","3",0
"Rhyacophila alberta group","Relic Channel","Winter20","1",0
"Rhyacophila alberta group","Relic Channel","Winter20","2",0
"Rhyacophila alberta group","Relic Channel","Winter20","3",0
"Rhyacophila angelita group","Relic Channel","Fall19","1",0
"Rhyacophila angelita group","Relic Channel","Fall19","2",0
"Rhyacophila angelita group","Relic Channel","Fall19","3",0
"Rhyacophila angelita group","Relic Channel","Spring20","1",0
"Rhyacophila angelita group","Relic Channel","Spring20","2",0
"Rhyacophila angelita group","Relic Channel","Spring20","3",0
"Rhyacophila angelita group","Relic Channel","Summer19","1",5.54902715
"Rhyacophila angelita group","Relic Channel","Summer19","2",0
"Rhyacophila angelita group","Relic Channel","Summer19","3",0
"Rhyacophila angelita group","Relic Channel","Winter20","1",0
"Rhyacophila angelita group","Relic Channel","Winter20","2",0
"Rhyacophila angelita group","Relic Channel","Winter20","3",0
"Rhyacophila betteni group","Relic Channel","Fall19","1",0
"Rhyacophila betteni group","Relic Channel","Fall19","2",0
"Rhyacophila betteni group","Relic Channel","Fall19","3",0
"Rhyacophila betteni group","Relic Channel","Spring20","1",0
"Rhyacophila betteni group","Relic Channel","Spring20","2",0
"Rhyacophila betteni group","Relic Channel","Spring20","3",0
"Rhyacophila betteni group","Relic Channel","Summer19","1",0
"Rhyacophila betteni group","Relic Channel","Summer19","2",0
"Rhyacophila betteni group","Relic Channel","Summer19","3",0
"Rhyacophila betteni group","Relic Channel","Winter20","1",0
"Rhyacophila betteni group","Relic Channel","Winter20","2",0
"Rhyacophila betteni group","Relic Channel","Winter20","3",0
"Rhyacophila brunnea/vemna group","Relic Channel","Fall19","1",35.25304171
"Rhyacophila brunnea/vemna group","Relic Channel","Fall19","2",30.20223899
"Rhyacophila brunnea/vemna group","Relic Channel","Fall19","3",2.665181867
"Rhyacophila brunnea/vemna group","Relic Channel","Spring20","1",12.91231709
"Rhyacophila brunnea/vemna group","Relic Channel","Spring20","2",3.965284927
"Rhyacophila brunnea/vemna group","Relic Channel","Spring20","3",0
"Rhyacophila brunnea/vemna group","Relic Channel","Summer19","1",0
"Rhyacophila brunnea/vemna group","Relic Channel","Summer19","2",6.788775935
"Rhyacophila brunnea/vemna group","Relic Channel","Summer19","3",4.075339332
"Rhyacophila brunnea/vemna group","Relic Channel","Winter20","1",12.20077919
"Rhyacophila brunnea/vemna group","Relic Channel","Winter20","2",25.72562554
"Rhyacophila brunnea/vemna group","Relic Channel","Winter20","3",46.48426852
"Rhyacophila grandis","Relic Channel","Fall19","1",0
"Rhyacophila grandis","Relic Channel","Fall19","2",0
"Rhyacophila grandis","Relic Channel","Fall19","3",0
"Rhyacophila grandis","Relic Channel","Spring20","1",20.87128769
"Rhyacophila grandis","Relic Channel","Spring20","2",0
"Rhyacophila grandis","Relic Channel","Spring20","3",0
"Rhyacophila grandis","Relic Channel","Summer19","1",0
"Rhyacophila grandis","Relic Channel","Summer19","2",0
"Rhyacophila grandis","Relic Channel","Summer19","3",0
"Rhyacophila grandis","Relic Channel","Winter20","1",0
"Rhyacophila grandis","Relic Channel","Winter20","2",0
"Rhyacophila grandis","Relic Channel","Winter20","3",0
"Serratella micheneri","Relic Channel","Fall19","1",0
"Serratella micheneri","Relic Channel","Fall19","2",0
"Serratella micheneri","Relic Channel","Fall19","3",0
"Serratella micheneri","Relic Channel","Spring20","1",0
"Serratella micheneri","Relic Channel","Spring20","2",0
"Serratella micheneri","Relic Channel","Spring20","3",0
"Serratella micheneri","Relic Channel","Summer19","1",0
"Serratella micheneri","Relic Channel","Summer19","2",0
"Serratella micheneri","Relic Channel","Summer19","3",4.006685431
"Serratella micheneri","Relic Channel","Winter20","1",0
"Serratella micheneri","Relic Channel","Winter20","2",0
"Serratella micheneri","Relic Channel","Winter20","3",0
"Sialis","Relic Channel","Fall19","1",0
"Sialis","Relic Channel","Fall19","2",0
"Sialis","Relic Channel","Fall19","3",0
"Sialis","Relic Channel","Spring20","1",10.68310339
"Sialis","Relic Channel","Spring20","2",0
"Sialis","Relic Channel","Spring20","3",0
"Sialis","Relic Channel","Summer19","1",0
"Sialis","Relic Channel","Summer19","2",0
"Sialis","Relic Channel","Summer19","3",0
"Sialis","Relic Channel","Winter20","1",0
"Sialis","Relic Channel","Winter20","2",0
"Sialis","Relic Channel","Winter20","3",0
"Simulium","Relic Channel","Fall19","1",3.088739723
"Simulium","Relic Channel","Fall19","2",5.365806156
"Simulium","Relic Channel","Fall19","3",2.111080213
"Simulium","Relic Channel","Spring20","1",5.826074038
"Simulium","Relic Channel","Spring20","2",0.143992581
"Simulium","Relic Channel","Spring20","3",0
"Simulium","Relic Channel","Summer19","1",16.92227048
"Simulium","Relic Channel","Summer19","2",5.477388084
"Simulium","Relic Channel","Summer19","3",26.4254961
"Simulium","Relic Channel","Winter20","1",1.449443363
"Simulium","Relic Channel","Winter20","2",2.78435425
"Simulium","Relic Channel","Winter20","3",8.209421025
"Skwala","Relic Channel","Fall19","1",0
"Skwala","Relic Channel","Fall19","2",0
"Skwala","Relic Channel","Fall19","3",0
"Skwala","Relic Channel","Spring20","1",0
"Skwala","Relic Channel","Spring20","2",0
"Skwala","Relic Channel","Spring20","3",0
"Skwala","Relic Channel","Summer19","1",0
"Skwala","Relic Channel","Summer19","2",0
"Skwala","Relic Channel","Summer19","3",0
"Skwala","Relic Channel","Winter20","1",0
"Skwala","Relic Channel","Winter20","2",0
"Skwala","Relic Channel","Winter20","3",0
"Sperchon","Relic Channel","Fall19","1",0
"Sperchon","Relic Channel","Fall19","2",0
"Sperchon","Relic Channel","Fall19","3",0.08851
"Sperchon","Relic Channel","Spring20","1",0.6434677
"Sperchon","Relic Channel","Spring20","2",0
"Sperchon","Relic Channel","Spring20","3",0
"Sperchon","Relic Channel","Summer19","1",0.141616
"Sperchon","Relic Channel","Summer19","2",0
"Sperchon","Relic Channel","Summer19","3",0
"Sperchon","Relic Channel","Winter20","1",0
"Sperchon","Relic Channel","Winter20","2",0
"Sperchon","Relic Channel","Winter20","3",0
"Stactobiella","Relic Channel","Fall19","1",0
"Stactobiella","Relic Channel","Fall19","2",0
"Stactobiella","Relic Channel","Fall19","3",0
"Stactobiella","Relic Channel","Spring20","1",0
"Stactobiella","Relic Channel","Spring20","2",0
"Stactobiella","Relic Channel","Spring20","3",0
"Stactobiella","Relic Channel","Summer19","1",0
"Stactobiella","Relic Channel","Summer19","2",0
"Stactobiella","Relic Channel","Summer19","3",0
"Stactobiella","Relic Channel","Winter20","1",0
"Stactobiella","Relic Channel","Winter20","2",0
"Stactobiella","Relic Channel","Winter20","3",0
"Stempellinella","Relic Channel","Fall19","1",0
"Stempellinella","Relic Channel","Fall19","2",0
"Stempellinella","Relic Channel","Fall19","3",0.018441
"Stempellinella","Relic Channel","Spring20","1",0.268132144
"Stempellinella","Relic Channel","Spring20","2",0.110646002
"Stempellinella","Relic Channel","Spring20","3",0
"Stempellinella","Relic Channel","Summer19","1",0
"Stempellinella","Relic Channel","Summer19","2",0
"Stempellinella","Relic Channel","Summer19","3",0
"Stempellinella","Relic Channel","Winter20","1",0
"Stempellinella","Relic Channel","Winter20","2",0
"Stempellinella","Relic Channel","Winter20","3",0
"Sweltsa","Relic Channel","Fall19","1",0
"Sweltsa","Relic Channel","Fall19","2",0
"Sweltsa","Relic Channel","Fall19","3",0
"Sweltsa","Relic Channel","Spring20","1",0
"Sweltsa","Relic Channel","Spring20","2",0
"Sweltsa","Relic Channel","Spring20","3",0
"Sweltsa","Relic Channel","Summer19","1",0
"Sweltsa","Relic Channel","Summer19","2",0
"Sweltsa","Relic Channel","Summer19","3",0
"Sweltsa","Relic Channel","Winter20","1",0
"Sweltsa","Relic Channel","Winter20","2",0
"Sweltsa","Relic Channel","Winter20","3",0
"Synorthocladius","Relic Channel","Fall19","1",0
"Synorthocladius","Relic Channel","Fall19","2",0.11313057
"Synorthocladius","Relic Channel","Fall19","3",0
"Synorthocladius","Relic Channel","Spring20","1",0
"Synorthocladius","Relic Channel","Spring20","2",0
"Synorthocladius","Relic Channel","Spring20","3",0
"Synorthocladius","Relic Channel","Summer19","1",0
"Synorthocladius","Relic Channel","Summer19","2",0
"Synorthocladius","Relic Channel","Summer19","3",0
"Synorthocladius","Relic Channel","Winter20","1",0
"Synorthocladius","Relic Channel","Winter20","2",0
"Synorthocladius","Relic Channel","Winter20","3",0
"Tanytarsus","Relic Channel","Fall19","1",0
"Tanytarsus","Relic Channel","Fall19","2",0
"Tanytarsus","Relic Channel","Fall19","3",0
"Tanytarsus","Relic Channel","Spring20","1",0
"Tanytarsus","Relic Channel","Spring20","2",0.053286267
"Tanytarsus","Relic Channel","Spring20","3",0
"Tanytarsus","Relic Channel","Summer19","1",0
"Tanytarsus","Relic Channel","Summer19","2",0
"Tanytarsus","Relic Channel","Summer19","3",0
"Tanytarsus","Relic Channel","Winter20","1",0
"Tanytarsus","Relic Channel","Winter20","2",0
"Tanytarsus","Relic Channel","Winter20","3",0
"Testudacarus","Relic Channel","Fall19","1",0.08851
"Testudacarus","Relic Channel","Fall19","2",0
"Testudacarus","Relic Channel","Fall19","3",0
"Testudacarus","Relic Channel","Spring20","1",0
"Testudacarus","Relic Channel","Spring20","2",0
"Testudacarus","Relic Channel","Spring20","3",0
"Testudacarus","Relic Channel","Summer19","1",0
"Testudacarus","Relic Channel","Summer19","2",0
"Testudacarus","Relic Channel","Summer19","3",0
"Testudacarus","Relic Channel","Winter20","1",0
"Testudacarus","Relic Channel","Winter20","2",0
"Testudacarus","Relic Channel","Winter20","3",0
"Thienemanniella","Relic Channel","Fall19","1",0
"Thienemanniella","Relic Channel","Fall19","2",0
"Thienemanniella","Relic Channel","Fall19","3",0
"Thienemanniella","Relic Channel","Spring20","1",0
"Thienemanniella","Relic Channel","Spring20","2",0.055323001
"Thienemanniella","Relic Channel","Spring20","3",0
"Thienemanniella","Relic Channel","Summer19","1",0.20328043
"Thienemanniella","Relic Channel","Summer19","2",0
"Thienemanniella","Relic Channel","Summer19","3",0
"Thienemanniella","Relic Channel","Winter20","1",0.068720736
"Thienemanniella","Relic Channel","Winter20","2",0
"Thienemanniella","Relic Channel","Winter20","3",0
"Thienemannimyia complex","Relic Channel","Fall19","1",0.32787216
"Thienemannimyia complex","Relic Channel","Fall19","2",0.106572535
"Thienemannimyia complex","Relic Channel","Fall19","3",0.053286267
"Thienemannimyia complex","Relic Channel","Spring20","1",14.85362671
"Thienemannimyia complex","Relic Channel","Spring20","2",1.292072377
"Thienemannimyia complex","Relic Channel","Spring20","3",0
"Thienemannimyia complex","Relic Channel","Summer19","1",0
"Thienemannimyia complex","Relic Channel","Summer19","2",4.17319293
"Thienemannimyia complex","Relic Channel","Summer19","3",3.74163695
"Thienemannimyia complex","Relic Channel","Winter20","1",0.216777139
"Thienemannimyia complex","Relic Channel","Winter20","2",0.185732437
"Thienemannimyia complex","Relic Channel","Winter20","3",1.194931954
"Timpanoga hecuba","Relic Channel","Fall19","1",0
"Timpanoga hecuba","Relic Channel","Fall19","2",0
"Timpanoga hecuba","Relic Channel","Fall19","3",0
"Timpanoga hecuba","Relic Channel","Spring20","1",0
"Timpanoga hecuba","Relic Channel","Spring20","2",0
"Timpanoga hecuba","Relic Channel","Spring20","3",0
"Timpanoga hecuba","Relic Channel","Summer19","1",1.562692034
"Timpanoga hecuba","Relic Channel","Summer19","2",0
"Timpanoga hecuba","Relic Channel","Summer19","3",0
"Timpanoga hecuba","Relic Channel","Winter20","1",0
"Timpanoga hecuba","Relic Channel","Winter20","2",0
"Timpanoga hecuba","Relic Channel","Winter20","3",0
"Tipuloidea","Relic Channel","Fall19","1",0
"Tipuloidea","Relic Channel","Fall19","2",0
"Tipuloidea","Relic Channel","Fall19","3",0
"Tipuloidea","Relic Channel","Spring20","1",0
"Tipuloidea","Relic Channel","Spring20","2",0
"Tipuloidea","Relic Channel","Spring20","3",0
"Tipuloidea","Relic Channel","Summer19","1",0
"Tipuloidea","Relic Channel","Summer19","2",0
"Tipuloidea","Relic Channel","Summer19","3",0
"Tipuloidea","Relic Channel","Winter20","1",0
"Tipuloidea","Relic Channel","Winter20","2",0
"Tipuloidea","Relic Channel","Winter20","3",0
"Torrenticola","Relic Channel","Fall19","1",0.015711713
"Torrenticola","Relic Channel","Fall19","2",0
"Torrenticola","Relic Channel","Fall19","3",0
"Torrenticola","Relic Channel","Spring20","1",0
"Torrenticola","Relic Channel","Spring20","2",0
"Torrenticola","Relic Channel","Spring20","3",0
"Torrenticola","Relic Channel","Summer19","1",0
"Torrenticola","Relic Channel","Summer19","2",0
"Torrenticola","Relic Channel","Summer19","3",0
"Torrenticola","Relic Channel","Winter20","1",0
"Torrenticola","Relic Channel","Winter20","2",0
"Torrenticola","Relic Channel","Winter20","3",0.048170042
"Trombidiformes","Relic Channel","Fall19","1",0.047135138
"Trombidiformes","Relic Channel","Fall19","2",0
"Trombidiformes","Relic Channel","Fall19","3",0
"Trombidiformes","Relic Channel","Spring20","1",0.228448304
"Trombidiformes","Relic Channel","Spring20","2",0.015711713
"Trombidiformes","Relic Channel","Spring20","3",0
"Trombidiformes","Relic Channel","Summer19","1",0
"Trombidiformes","Relic Channel","Summer19","2",0.015711713
"Trombidiformes","Relic Channel","Summer19","3",0
"Trombidiformes","Relic Channel","Winter20","1",0
"Trombidiformes","Relic Channel","Winter20","2",0
"Trombidiformes","Relic Channel","Winter20","3",0
"Tvetenia bavarica group","Relic Channel","Fall19","1",0.461920676
"Tvetenia bavarica group","Relic Channel","Fall19","2",0.648822869
"Tvetenia bavarica group","Relic Channel","Fall19","3",0.071727268
"Tvetenia bavarica group","Relic Channel","Spring20","1",5.313181942
"Tvetenia bavarica group","Relic Channel","Spring20","2",0.715665418
"Tvetenia bavarica group","Relic Channel","Spring20","3",0
"Tvetenia bavarica group","Relic Channel","Summer19","1",22.15677678
"Tvetenia bavarica group","Relic Channel","Summer19","2",4.756599259
"Tvetenia bavarica group","Relic Channel","Summer19","3",6.668444386
"Tvetenia bavarica group","Relic Channel","Winter20","1",0.285497875
"Tvetenia bavarica group","Relic Channel","Winter20","2",0
"Tvetenia bavarica group","Relic Channel","Winter20","3",2.264299839
"Wiedemannia","Relic Channel","Fall19","1",0.052666275
"Wiedemannia","Relic Channel","Fall19","2",0
"Wiedemannia","Relic Channel","Fall19","3",0
"Wiedemannia","Relic Channel","Spring20","1",0
"Wiedemannia","Relic Channel","Spring20","2",0
"Wiedemannia","Relic Channel","Spring20","3",0
"Wiedemannia","Relic Channel","Summer19","1",0
"Wiedemannia","Relic Channel","Summer19","2",0
"Wiedemannia","Relic Channel","Summer19","3",0
"Wiedemannia","Relic Channel","Winter20","1",0
"Wiedemannia","Relic Channel","Winter20","2",0
"Wiedemannia","Relic Channel","Winter20","3",0
"Yoraperla","Relic Channel","Fall19","1",0
"Yoraperla","Relic Channel","Fall19","2",1.751094668
"Yoraperla","Relic Channel","Fall19","3",0
"Yoraperla","Relic Channel","Spring20","1",1.376001482
"Yoraperla","Relic Channel","Spring20","2",0
"Yoraperla","Relic Channel","Spring20","3",0
"Yoraperla","Relic Channel","Summer19","1",8.270378056
"Yoraperla","Relic Channel","Summer19","2",0
"Yoraperla","Relic Channel","Summer19","3",0
"Yoraperla","Relic Channel","Winter20","1",0.544012974
"Yoraperla","Relic Channel","Winter20","2",0
"Yoraperla","Relic Channel","Winter20","3",0
"Zaitzevia","Relic Channel","Fall19","1",0
"Zaitzevia","Relic Channel","Fall19","2",0
"Zaitzevia","Relic Channel","Fall19","3",0.172829342
"Zaitzevia","Relic Channel","Spring20","1",0
"Zaitzevia","Relic Channel","Spring20","2",0
"Zaitzevia","Relic Channel","Spring20","3",0
"Zaitzevia","Relic Channel","Summer19","1",0
"Zaitzevia","Relic Channel","Summer19","2",0
"Zaitzevia","Relic Channel","Summer19","3",0
"Zaitzevia","Relic Channel","Winter20","1",0
"Zaitzevia","Relic Channel","Winter20","2",0
"Zaitzevia","Relic Channel","Winter20","3",0
"Zapada cinctipes","Relic Channel","Fall19","1",0.860645277
"Zapada cinctipes","Relic Channel","Fall19","2",1.219913195
"Zapada cinctipes","Relic Channel","Fall19","3",0.583223021
"Zapada cinctipes","Relic Channel","Spring20","1",0
"Zapada cinctipes","Relic Channel","Spring20","2",0
"Zapada cinctipes","Relic Channel","Spring20","3",0
"Zapada cinctipes","Relic Channel","Summer19","1",0
"Zapada cinctipes","Relic Channel","Summer19","2",0
"Zapada cinctipes","Relic Channel","Summer19","3",0.114637986
"Zapada cinctipes","Relic Channel","Winter20","1",0
"Zapada cinctipes","Relic Channel","Winter20","2",0
"Zapada cinctipes","Relic Channel","Winter20","3",0
"Zapada oregonensis group","Relic Channel","Fall19","1",0
"Zapada oregonensis group","Relic Channel","Fall19","2",0
"Zapada oregonensis group","Relic Channel","Fall19","3",0.194407674
"Zapada oregonensis group","Relic Channel","Spring20","1",0
"Zapada oregonensis group","Relic Channel","Spring20","2",0
"Zapada oregonensis group","Relic Channel","Spring20","3",0
"Zapada oregonensis group","Relic Channel","Summer19","1",0
"Zapada oregonensis group","Relic Channel","Summer19","2",0
"Zapada oregonensis group","Relic Channel","Summer19","3",0
"Zapada oregonensis group","Relic Channel","Winter20","1",0
"Zapada oregonensis group","Relic Channel","Winter20","2",0
"Zapada oregonensis group","Relic Channel","Winter20","3",0
